Name,Long,Lat,price,time
黄陂人信城,114.37993,30.898029,11136,2013
黄陂人信城,114.37993,30.898029,9896,2014
黄陂人信城,114.37993,30.898029,10000,2013
黄陂人信城,114.37993,30.898029,10103,2013
黄陂人信城,114.37993,30.898029,10891,2014
南德国际城,114.380632,30.894001,11397,2014
黄陂广场,114.382257,30.886561,12676,2010
木兰国际广场,114.372625,30.885089,8297,2018
杏林花苑,114.389816,30.883764,11111,2015
东风小区,114.392461,30.88204,8735,1998
金都丽园,114.381305,30.880573,8826,2010
杨园雅都,114.377794,30.879827,8023,2010
金龙四季阳光,114.366908,30.879166,11034,2015
金龙四季阳光,114.366908,30.879166,9913,2008
黄陂春天,114.367802,30.876704,11824,2010
书香名邸,114.371044,30.87665,9000,2008
博创中央公馆,114.377314,30.874215,8641,2000
合融桃源,114.393767,30.873085,8067,2014
前川欣城,114.378866,30.87264,10416,2013
前川欣城二期,114.378866,30.87264,11489,2014
前川欣城二期,114.378866,30.87264,10563,2018
前川欣城,114.378866,30.87264,8888,2010
前川欣城,114.378866,30.87264,10515,2017
前川欣城,114.378866,30.87264,20000,2000
南德滨水雅苑,114.388125,30.872083,9333,2010
龙城华庭,114.819406,30.846452,10169,2015
城开玉桥新都,104.116583,30.839504,31313,2008
城开玉桥新都,104.116583,30.839504,26258,2006
城开玉桥新都,104.116583,30.839504,31313,2007
城开玉桥新都,104.116583,30.839504,31250,2006
金山左岸时代,121.248408,30.835081,10330,2014
蓝色星城今古城,114.296749,30.805426,7500,2014
未来海岸,114.275947,30.755135,8673,2018
未来海岸,114.275947,30.755135,8898,2009
F绿岛,114.261204,30.737962,12376,2012
F绿岛艺墅,114.261204,30.737962,22357,2014
汉口湖畔,114.264601,30.732982,12696,2014
尚璟瑞府,114.229286,30.730253,16666,2018
万润橄榄城,114.250372,30.730106,13000,2013
华虹领航城,114.243988,30.727956,13043,2014
恒大龙城,114.235655,30.727347,12777,2017
恒大龙城二期,114.235655,30.727347,12707,2016
恒大龙城二期,114.235655,30.727347,12524,2016
恒大龙城,114.235655,30.727347,13385,2015
颐景康城,114.26907,30.726731,12242,2013
颐景康城,114.26907,30.726731,10862,2013
颐景康城,114.26907,30.726731,10960,2012
城开天玺花园,114.274221,30.726265,9681,2014
城开天玺花园,114.274221,30.726265,9294,2011
汉北玺园,114.41983,30.725,10937,2016
汉北玺园,114.41983,30.725,10729,2016
汉北玺园,114.41983,30.725,10975,2016
汉北玺园,114.41983,30.725,11192,2016
汉北大全景,114.416903,30.724906,11290,2013
汉北大全景,114.416903,30.724906,11612,2016
嬉空间北回归线,114.359802,30.724826,13793,2015
玫汉口北城,114.356868,30.721753,10476,2008
名流人和天地沁和园,114.284017,30.721105,12580,2012
名流人和天地风和园,114.283676,30.720991,11666,2015
龙巢小区,114.351189,30.719127,6222,2016
珑璟轩(别墅),114.256727,30.718671,27941,2013
名流人和天地润和园,114.284339,30.718524,9147,2012
名流人和天地润和园,114.284339,30.718524,11224,2010
天汇龙城,114.276375,30.717746,11764,2016
天汇龙城,114.276375,30.717746,12409,2015
天汇龙城,114.276375,30.717746,11454,2016
天汇龙城,114.276375,30.717746,11454,2006
天汇龙城,114.276375,30.717746,11423,2015
天汇龙城,114.276375,30.717746,11458,2016
珩生领袖城,114.269104,30.716887,11516,2014
珩生领袖城,114.269104,30.716887,11842,2012
珩生领袖城,114.269104,30.716887,11212,2012
珩生领袖城,114.269104,30.716887,12359,2008
南湖华锦春天故事,120.844535,30.716358,20245,2003
南湖狮山美庐,120.844535,30.716358,17553,2006
鼎鑫摩卡小镇,114.253631,30.715052,11764,2011
鼎鑫摩卡小镇,114.253631,30.715052,10731,2006
鼎鑫摩卡小镇,114.253631,30.715052,10549,2012
鼎鑫摩卡小镇,114.253631,30.715052,10878,2017
鼎鑫摩卡小镇,114.253631,30.715052,11704,2012
龙城天居园,114.259063,30.715001,11896,2012
名流人和天地怡和园,114.283474,30.714937,10991,2012
名流人和天地怡和园,114.283474,30.714937,13043,2012
名流人和天地怡和园,114.283474,30.714937,11682,2013
名流人和天地怡和园,114.283474,30.714937,11694,2012
歌林花园,114.261447,30.714771,13095,2015
歌林花园,114.261447,30.714771,12790,2013
歌林花园,114.261447,30.714771,13225,2012
歌林花园,114.261447,30.714771,14047,2010
歌林花园,114.261447,30.714771,12049,2012
歌林花园,114.261447,30.714771,12941,2017
歌林花园,114.261447,30.714771,12903,2012
歌林花园,114.261447,30.714771,12000,2010
盘龙新天地,114.250758,30.713874,9489,2011
龙城懿品,114.271494,30.713216,12745,2014
龙城花园,114.289524,30.712521,12156,2011
哥特帝景,114.252925,30.711756,8630,2012
风荷苑,114.585235,30.711152,7040,2017
美景天城,114.295746,30.71098,11092,2015
美景天城,114.295746,30.71098,12218,2013
泰合雅文小区,114.434421,30.710531,10707,2011
新澳城市印象,114.574645,30.709608,7407,2011
新澳城市印象,114.574645,30.709608,7727,2015
巢上城俊园,114.253269,30.709096,12500,2011
巢上城俊园,114.253269,30.709096,13918,2011
中城时代,114.291582,30.708608,14805,2015
中城时代,114.291582,30.708608,10454,2013
中城时代,114.291582,30.708608,14935,2011
中城时代,114.291582,30.708608,12272,2014
中城时代,114.291582,30.708608,15064,2012
巢上城锦园,114.257708,30.70828,13488,2013
香奈天鹅湖,114.295505,30.705704,9000,2013
香奈天鹅湖(别墅),114.295505,30.705704,10360,2010
08经典,114.30324,30.70535,11818,2008
恒大名都,114.298894,30.70529,13792,2014
恒大名都,114.298894,30.70529,11914,2016
恒大名都,114.298894,30.70529,12333,2016
恒大名都,114.298894,30.70529,11666,2012
恒大名都,114.298894,30.70529,11904,2014
恒大名都,114.298894,30.70529,12166,2014
天昊玫瑰园,114.419454,30.704238,11931,2015
天昊玫瑰园,114.419454,30.704238,11363,2011
天昊玫瑰园,114.419454,30.704238,11590,2014
二八八社区,114.319564,30.703508,12043,1996
盛世年华,114.420617,30.702526,12903,2012
天纵汉北康城(1-7栋),114.320335,30.700011,14047,2011
天纵城,114.310471,30.69958,11159,2015
天纵城,114.310471,30.69958,11111,2017
天纵城,114.310471,30.69958,12637,2016
天纵城,114.310471,30.69958,12135,2014
天纵城,114.310471,30.69958,12658,2018
天纵城,114.310471,30.69958,11411,2015
天纵城,114.310471,30.69958,12211,2016
阳光新港中央花园城,114.577,30.697451,8289,2011
阳光新港中央花园城,114.577,30.697451,8133,2014
阳光新港中央花园城,114.577,30.697451,8153,2015
阳光新港中央花园城,114.577,30.697451,8241,2012
阳光新港中央花园城,114.577,30.697451,8644,2012
阳光新港中央花园城,114.577,30.697451,8284,2012
盘龙瑞祥熙园,114.32324,30.696559,10816,2010
龙辰丽湾,114.318037,30.696187,12719,2010
龙辰丽湾,114.318037,30.696187,11712,2012
龙辰丽湾,114.318037,30.696187,11666,2012
宜鑫盛世,114.323328,30.694338,12643,2010
澜桥康城,114.266868,30.692894,12511,2008
城开天兴花园,114.375041,30.692558,14044,2009
城开天兴花园,114.375041,30.692558,14102,2014
卓越罗纳河谷,114.261352,30.69143,10367,2010
卓越罗纳河谷,114.261352,30.69143,10000,2012
卓越罗纳河谷,114.261352,30.69143,11048,2009
卓越罗纳河谷,114.261352,30.69143,11188,2009
天琴湾,114.579528,30.684438,14000,2012
天琴湾,114.579528,30.684438,6952,2010
天琴湾,114.579528,30.684438,7738,2008
天琴湾,114.579528,30.684438,7941,2012
武汉奥林匹克花园,114.217978,30.677986,13205,2004
远洋世界(一期),114.149484,30.677838,12087,2012
远洋世界(三期),114.149484,30.677838,10108,2014
财富兴园中部慧谷,114.210217,30.676114,12448,2012
财富兴园中部慧谷,114.210217,30.676114,12371,2015
财富兴园中部慧谷,114.210217,30.676114,12213,2012
财富兴园中部慧谷,114.210217,30.676114,12470,2015
财富兴园中部慧谷,114.210217,30.676114,12352,2016
金银湖一号,114.213448,30.675671,17903,2017
金银湖一号,114.213448,30.675671,15350,2016
金色水岸,114.56671,30.674178,6804,2010
顺驰泊林,114.217015,30.673934,12589,2008
新港天地,114.578921,30.673652,8043,2015
水印桃源,114.221119,30.673581,13861,2013
水印桃源,114.221119,30.673581,12173,2010
锦湖金利花园,114.350752,30.669953,16923,2012
福星惠誉红桥城,114.340004,30.669243,16304,2016
福星惠誉红桥城,114.340004,30.669243,17391,2016
万丰丰泽园,114.230074,30.668951,15000,2015
花样年花样城,114.17356,30.668394,11229,2014
花样年花样城,114.17356,30.668394,13924,2015
花样年花样城,114.17356,30.668394,12528,2016
武汉恒大城二期,114.1776,30.668182,13656,2011
悦秀苑,114.323983,30.668067,18000,2010
悦秀苑,114.323983,30.668067,18438,2009
悦秀苑,114.323983,30.668067,18840,2008
悦秀苑,114.323983,30.668067,20000,2009
悦秀苑,114.323983,30.668067,18000,2009
景兰苑,114.326764,30.667594,19122,2010
银湖水榭,114.22244,30.667559,19863,2013
银湖水榭,114.22244,30.667559,15217,2014
美联公园前,114.341183,30.667522,15000,2018
碧桂园海昌天澜二期,114.282407,30.666738,18461,2013
碧桂园海昌天澜三期,114.282407,30.666738,17204,2017
碧桂园海昌天澜二期,114.282407,30.666738,15463,2015
碧桂园海昌天澜一期,114.282407,30.666738,19642,2015
碧桂园海昌天澜三期,114.282407,30.666738,16666,2016
新澳阳光城,114.23632,30.666031,14375,2008
新澳阳光城,114.23632,30.666031,15967,2010
F、阳光城,114.235876,30.665609,10915,2012
国际丽都,114.231207,30.66515,15476,2017
武汉恒大城一期,114.173148,30.664725,13656,2012
武汉恒大城一期,114.173148,30.664725,12115,2017
万科西半岛,114.178208,30.66436,14015,2009
万科西半岛,114.178208,30.66436,14065,2008
万科西半岛,114.178208,30.66436,13793,2010
万科西半岛,114.178208,30.66436,14876,2000
万科西半岛,114.178208,30.66436,14876,2010
万科西半岛,114.178208,30.66436,12359,2008
万科西半岛,114.178208,30.66436,13372,2010
万科西半岛,114.178208,30.66436,12558,2005
汉口新城,114.349858,30.664102,19032,2007
汉口新城,114.349858,30.664102,18461,2010
晋合金桥世家,114.305258,30.663422,28000,2013
晋合金桥世家,114.305258,30.663422,28155,2013
晋合金桥世家,114.305258,30.663422,30674,2012
愿景城(C区),114.253126,30.663387,14705,2017
愿景城(C区),114.253126,30.663387,14639,2017
绿地汉口中心,114.299988,30.663342,27500,2017
绿地汉口中心,114.299988,30.663342,20192,2016
绿地汉口中心,114.299988,30.663342,19142,2017
百步亭世博园,114.323356,30.662931,22638,2012
百步亭世博园,114.323356,30.662931,22361,2012
百步亭世博园,114.323356,30.662931,22043,2008
军安鑫苑,114.581204,30.662686,9655,2010
联通佳苑,114.23698,30.662635,13812,2012
泰跃金河,114.17382,30.662283,14179,2007
泰跃金河,114.17382,30.662283,12396,2009
泰跃金河,114.17382,30.662283,12934,2012
泰跃金河,114.17382,30.662283,12593,2011
泰跃金河,114.17382,30.662283,12448,2013
泰跃金河,114.17382,30.662283,14590,2010
紫澄花园,114.314419,30.661827,20512,2015
汉口城市广场1期,114.3163,30.661707,25572,2013
汉口城市广场5期,114.3163,30.661707,24342,2015
汉口城市广场1期,114.3163,30.661707,29000,2015
汉口城市广场4期,114.3163,30.661707,20222,2015
汉口城市广场4期,114.3163,30.661707,20289,2016
新生活摩尔城柠檬墅,114.328919,30.66152,13199,2008
新生活摩尔城柠檬墅,114.328919,30.66152,13066,2013
恋湖家园,114.218954,30.661196,13553,2003
恋湖家园5期,114.218954,30.661196,14044,2010
恋湖家园,114.218954,30.661196,14204,2003
美联德玛假日二期阳光里,114.159311,30.661072,11029,2015
汇悦天地,114.291001,30.660993,17254,2018
汇悦天地,114.291001,30.660993,21644,2014
汇悦天地,114.291001,30.660993,22147,2015
汇悦天地,114.291001,30.660993,20805,2015
汇悦天地,114.291001,30.660993,26666,2016
汇悦天地,114.291001,30.660993,22162,2016
吉祥谷,114.303115,30.660961,22727,2005
幸福时代,114.320014,30.660382,17532,2013
幸福时代四期(商住楼),114.320014,30.660382,17708,2015
幸福时代,114.320014,30.660382,23333,2015
百步龙庭,114.324156,30.659639,20000,2008
将军梧桐树下工薪小区,114.252399,30.659151,14939,2008
汉口城市广场3期,114.313665,30.659127,23837,2013
美联奥林匹克花园五期,114.242982,30.659024,17556,2018
美联奥林匹克花园五期,114.242982,30.659024,17556,2017
美联奥林匹克花园一期,114.242982,30.659024,19512,2014
美联奥林匹克花园二期,114.242982,30.659024,21917,2014
美联奥林匹克花园一期,114.242982,30.659024,20073,2016
美联奥林匹克花园一期,114.242982,30.659024,20121,2013
汀香水榭,114.223147,30.659005,12512,1991
汀香水榭(别墅),114.223147,30.659005,21203,2004
光明上海公馆,114.291976,30.658723,22772,2016
都市假日,114.237192,30.658049,15000,2010
宏宇绿色新都,114.303238,30.657987,17765,2015
宏宇绿色新都,114.303238,30.657987,16500,2012
将军花园C区,114.258193,30.657793,14385,2000
金山银湖湾,114.15888,30.657765,10434,2007
沿海丽水佳园,114.233901,30.657707,14375,2006
沿海丽水佳园,114.233901,30.657707,14791,2004
沿海丽水佳园,114.233901,30.657707,19578,2005
沿海丽水佳园,114.233901,30.657707,13302,2004
百步华庭,114.320863,30.657644,17777,2012
华生汉口城市广场南区B,114.312055,30.657268,13170,2013
华生汉口城市广场南区B,114.312055,30.657268,13291,2013
华生汉口城市广场南区B,114.312055,30.657268,14102,2013
华生汉口城市广场南区C,114.312055,30.657268,13793,2013
华生汉口城市广场南区B,114.312055,30.657268,16091,2011
华生汉口城市广场北区,114.312055,30.657268,16097,2011
华生汉口城市广场南区D,114.312055,30.657268,15625,2014
东建金海湾,114.153649,30.656887,11982,2015
百合苑,114.325003,30.65656,18548,2008
临江港湾,114.419339,30.6565,14571,2008
临江港湾,114.419339,30.6565,16477,2009
万锦公馆,114.32184,30.656412,24060,2013
融泰嘉境,114.259553,30.656392,15340,2010
同安家园,114.307276,30.655986,17888,2007
同安家园,114.307276,30.655986,18539,2012
同安家园,114.307276,30.655986,18837,2009
同安家园,114.307276,30.655986,17619,2009
同安家园,114.307276,30.655986,21250,2008
碧海花园,114.204219,30.655873,12820,2008
碧海花园,114.204219,30.655873,12217,2006
碧海花园,114.204219,30.655873,13302,2004
碧海花园,114.204219,30.655873,12647,2009
碧海花园,114.204219,30.655873,11972,2006
碧海花园,114.204219,30.655873,12230,2006
碧海花园,114.204219,30.655873,12554,2009
碧海花园,114.204219,30.655873,12093,2005
碧海花园,114.204219,30.655873,13284,2008
方舟花园,114.331016,30.655802,15000,2000
长投海德公园,114.291277,30.655638,1964,2016
走马岭1号小区,114.035905,30.655215,6744,2017
万锦江城,114.321891,30.65498,19791,2013
住开盛世长江,114.572743,30.654884,6481,2012
祥生柏景湾东区,114.175028,30.65486,14800,2014
祥生柏景湾东区,114.175028,30.65486,14925,2014
祥生柏景湾东区,114.175028,30.65486,13207,2014
鑫海花城东区,114.149537,30.654845,11764,2004
百步亭花园安居苑B区,114.327159,30.65447,18000,2001
百步亭花园安居苑B区,114.327159,30.65447,16666,2004
青山绿水花园,114.423655,30.654408,15625,2014
青山绿水花园,114.423655,30.654408,14526,2008
青山绿水花园,114.423655,30.654408,14680,2008
常乐新城,114.580026,30.654273,4744,2010
越秀星汇君泊,114.288595,30.654246,22857,2017
越秀星汇君泊,114.288595,30.654246,24719,2016
金珠港湾二期,114.199716,30.65336,12525,2008
金珠港湾二期,114.199716,30.65336,12200,2012
常青花园五区,114.24076,30.653338,23666,2014
常青花园十二区,114.24076,30.653338,18750,2000
华星晨龙城北苑,114.262008,30.652873,14777,2003
华星晨龙城北苑,114.262008,30.652873,14755,2010
常青花园四区,114.243432,30.652742,18888,2003
中交江锦湾,114.410545,30.652679,20668,2013
恒大常青花园六小区,114.249662,30.652649,23809,2018
恒大常青花园六小区,114.249662,30.652649,26119,2016
百胜春天,114.30152,30.652527,18555,2008
同鑫花园,114.307138,30.65234,18989,2010
同鑫花园,114.307138,30.65234,18383,2008
同鑫花园,114.307138,30.65234,18333,2010
同鑫花园,114.307138,30.65234,19200,2008
七星天兴花园,114.421935,30.652059,14202,2008
现代花园BC区,114.332124,30.652014,15750,2000
现代花园BC区,114.332124,30.652014,14893,2000
现代花园BC区,114.332124,30.652014,16117,2000
现代花园BC区,114.332124,30.652014,15647,2004
百步亭金桥汇(二期),114.324615,30.651317,17699,2016
百步亭金桥汇(二期),114.324615,30.651317,19255,2017
百步亭金桥汇(二期),114.324615,30.651317,17361,2016
百步亭金桥汇(二期),114.324615,30.651317,18691,2017
百步亭金桥汇(二期),114.324615,30.651317,14912,2018
华星晨龙城南苑,114.260137,30.651039,19893,2010
温馨苑,114.323612,30.651001,16538,2008
海赋江城天韵,114.311059,30.65088,20588,2016
海赋江城天韵,114.311059,30.65088,22463,2014
海赋江城天韵,114.311059,30.65088,23335,2002
海赋江城天韵,114.311059,30.65088,23118,2016
海赋江城天韵,114.311059,30.65088,23643,2015
海赋江城天韵,114.311059,30.65088,21698,2015
海赋江城天韵,114.311059,30.65088,22649,2016
海赋江城天韵,114.311059,30.65088,22222,2015
温馨苑CD区,114.324814,30.650411,18150,2002
温馨苑B区,114.321985,30.650345,1650,2005
长江委长顺园小区,114.328932,30.65028,17346,2000
华通小区,114.421644,30.650069,15140,2000
青宜居,114.427285,30.649963,14285,2010
青宜居,114.427285,30.649963,15058,2010
青宜居,114.427285,30.649963,16336,2010
青宜居,114.427285,30.649963,16091,2010
青宜居,114.427285,30.649963,16170,2012
青宜居,114.427285,30.649963,16444,2010
华星融城,114.260753,30.649957,13281,2015
华星融城,114.260753,30.649957,14634,2018
华星融城,114.260753,30.649957,15748,2015
沿海赛洛城六期,114.165146,30.649913,12096,2015
沿海赛洛城六期,114.165146,30.649913,12365,2016
沿海赛洛城六期,114.165146,30.649913,11009,2018
沿海赛洛城六期,114.165146,30.649913,12068,2015
沿海赛洛城六期,114.165146,30.649913,10963,2018
沿海赛洛城六期,114.165146,30.649913,12301,2015
沿海赛洛城六期,114.165146,30.649913,12698,2014
幸福人家,114.303204,30.6497,17971,2009
百步亭花园文卉苑,114.32472,30.649672,17261,2009
常青花园十四村,114.238987,30.649652,17066,2008
常青花园十四村,114.238987,30.649652,17066,2002
百步亭现代城一区,114.330816,30.648906,24060,2012
百步亭现代城一区,114.330816,30.648906,24683,2013
百步亭现代城一区,114.330816,30.648906,23417,2009
百步亭现代城一区,114.330816,30.648906,22022,2006
长源假日港湾,114.168205,30.648811,14545,2015
常青花园十一区,114.252709,30.648488,38461,2006
世纪家园,114.299182,30.648276,17241,2005
世纪家园,114.299182,30.648276,17021,2004
怡康苑南区,114.321045,30.648259,18832,2006
万科高尔夫城市花园,114.217716,30.648256,19814,2012
万科高尔夫城市花园,114.217716,30.648256,19318,2012
万科高尔夫城市花园,114.217716,30.648256,21573,2012
沿海赛洛城三期,114.16372,30.647772,13577,2010
沿海赛洛城三期,114.16372,30.647772,12558,2010
沿海赛洛城三期,114.16372,30.647772,14422,2009
沿海赛洛城三期,114.16372,30.647772,13707,2008
奥林紫园,114.285141,30.647703,18604,2013
奥林紫园,114.285141,30.647703,17368,2014
常青花园二十三村,114.242956,30.647421,16161,2004
东方花都F区,114.304799,30.647338,16751,2012
东方花都F区,114.304799,30.647338,18160,2009
星悦城二期,114.272281,30.64713,21120,2008
星悦城一期,114.272281,30.64713,20000,2015
新地盛世东方,114.308881,30.645721,23118,2013
新地盛世东方,114.308881,30.645721,19792,2013
新地盛世东方,114.308881,30.645721,21138,2013
新地盛世东方,114.308881,30.645721,20666,2015
新地盛世东方,114.308881,30.645721,21322,2010
新地盛世东方,114.308881,30.645721,20300,2012
热电社区,114.394291,30.645594,18795,2008
星悦城四期,114.273626,30.645501,16666,2016
星悦城四期,114.273626,30.645501,17204,2017
星悦城四期,114.273626,30.645501,16129,2017
富士君安花园(1-7栋),114.277552,30.64543,17910,2011
银泰御华园,114.31503,30.645309,22201,2006
银泰御华园,114.31503,30.645309,22727,2013
银泰御华园,114.31503,30.645309,23181,2013
银泰御华园,114.31503,30.645309,23333,2013
银泰御华园,114.31503,30.645309,23863,2013
后湖生态花园荷花苑,114.297669,30.645041,13663,2003
新远大花园,114.333748,30.644976,19361,2006
楚邦汉界,114.303118,30.644949,23711,2015
香利国庭,114.300888,30.644934,19696,2008
绿地香树花城,114.427567,30.644863,11616,2016
绿地香树花城,114.427567,30.644863,13818,2016
紫云黄狮海岸北区,114.150699,30.644755,12912,2008
紫云黄狮海岸北区,114.150699,30.644755,13200,2008
紫云黄狮海岸北区,114.150699,30.644755,11460,2009
常青花园十四区,114.251464,30.64415,16612,2004
荷花苑小区,114.298712,30.64407,13200,2000
新地东方明珠,114.305423,30.643848,18346,2007
新地东方明珠,114.305423,30.643848,20000,2007
圣诚和园,114.296734,30.643538,17469,2013
银湖翡翠,114.221502,30.643481,17045,2013
银湖翡翠,114.221502,30.643481,21138,2014
新奥依江畔园,114.389036,30.643418,20000,2010
金湖天地,114.206686,30.643261,17894,2014
金湖天地,114.206686,30.643261,17187,2015
金湖天地,114.206686,30.643261,18617,2015
城开汉口秀园,114.269539,30.643228,20000,2016
城开汉口秀园,114.269539,30.643228,20000,2015
常青花园七村,114.239163,30.643193,18048,2002
瑞景天成,114.299185,30.643112,16806,2014
国际百纳,114.289658,30.642768,20759,2017
国际百纳,114.289658,30.642768,18750,2015
国际百纳,114.289658,30.642768,15979,2016
国际百纳,114.289658,30.642768,20767,2012
国际百纳,114.289658,30.642768,19578,2014
国际百纳,114.289658,30.642768,18390,2015
国际百纳,114.289658,30.642768,17596,2015
国际百纳,114.289658,30.642768,19047,2015
联泰香域水岸,114.387219,30.642613,21021,2017
汉口花园4期,114.279753,30.641845,21224,2008
汉口花园4期,114.279753,30.641845,20109,2018
汉口花园幽兰居,114.275102,30.64155,21111,2010
沿海赛洛城一期,114.164034,30.641374,13658,2006
熙龙湾,114.155373,30.641105,15483,2013
陌陌屋,114.283121,30.640722,21546,2015
陌陌屋,114.283121,30.640722,21852,2015
二十四街坊,114.405259,30.640654,17857,1997
福星华府(东区),114.258124,30.640586,17826,2015
日月星城,114.29003,30.640432,15328,2003
新地东方花都海棠苑,114.300519,30.640302,15827,2006
中国水电盛世江城,114.25343,30.640113,21084,2017
中国水电盛世江城,114.25343,30.640113,21808,2017
中国水电盛世江城,114.25343,30.640113,20958,2017
富康花园,114.260966,30.63993,12881,2000
富康花园,114.260966,30.63993,13559,1998
富康花园,114.260966,30.63993,14947,1998
富康花园,114.260966,30.63993,15463,2000
富康花园,114.260966,30.63993,14712,1999
竹叶苑,114.30332,30.639901,16793,2006
金湖家园,114.193533,30.639436,14393,2006
金湖家园,114.193533,30.639436,14761,2012
东方恒星园,114.293755,30.639347,16533,2007
园丁苑,114.265106,30.639188,16216,2000
园丁苑,114.265106,30.639188,16216,1998
万景橘苑,114.257045,30.638829,20930,2016
江花苑,114.267621,30.63873,15000,2002
江花苑,114.267621,30.63873,15000,2000
阳光新苑,114.258903,30.638648,17629,2007
阳光新苑,114.258903,30.638648,17553,2005
绿色家园,114.263442,30.638562,16888,2005
绿色家园,114.263442,30.638562,35507,1998
卧龙丽景湾名著,114.230109,30.638545,18588,2011
汉口花园1期A区,114.272644,30.638538,17410,2005
汉口花园一期B区韵竹里,114.272644,30.638538,20169,2004
紫御公馆,114.293783,30.638266,20579,2013
汉口花园逸松庭,114.277238,30.638082,17868,2010
成功花园A区,114.401925,30.637658,18313,2002
成功花园A区,114.401925,30.637658,19381,2004
八大家花园,114.395395,30.637524,20879,2016
八大家花园,114.395395,30.637524,21224,2015
紫轩美佳,114.301172,30.637498,18765,2012
紫轩美佳,114.301172,30.637498,21363,2012
红光小区,114.255174,30.637466,15237,2000
红光小区,114.255174,30.637466,17605,1998
红光小区,114.255174,30.637466,15774,1995
金地格林春岸,114.200595,30.63737,15533,2010
金地格林春岸,114.200595,30.63737,15533,2013
远洋心里,114.266444,30.637139,18556,2016
蓝色天际,114.276898,30.637064,17746,2003
蓝色天际,114.276898,30.637064,17098,2003
湖北省旅游学校教工宿舍,114.253155,30.636991,16410,1995
阅景国际,114.208928,30.636616,13636,2014
常青南园北区,114.253073,30.636557,24661,2012
美联联邦生活区美联时光里,114.274457,30.636508,19266,2017
美联联邦生活区美联时光里,114.274457,30.636508,19243,2016
美联联邦生活区美联时光里,114.274457,30.636508,22131,2016
美联联邦生活区美联时光里,114.274457,30.636508,23064,2016
美联联邦生活区美联时光里,114.274457,30.636508,22183,2016
美联联邦生活区美联时光里,114.274457,30.636508,22682,2016
海景花园C区,114.158291,30.635818,10333,2002
山北自治小区,114.139873,30.635717,13876,2002
金珠港湾一期,114.196864,30.635431,9607,2005
常二社区,114.265363,30.635061,16091,2000
江南春城,114.386416,30.634978,22661,2009
四十九街坊,114.378303,30.634975,18933,2000
武汉自贸城(商住楼),114.058818,30.634935,5636,2015
武汉自贸城(商住楼),114.058818,30.634935,6431,2017
常青一垸,114.268536,30.634906,16363,1998
开来银湖鑫城,114.219973,30.634863,14961,2015
中建开元公馆,114.38201,30.634724,20942,2017
恒大嘉园,114.123399,30.634265,16000,2012
馨苑小区,114.260422,30.634026,16491,2002
华苑里社区(48-53栋),114.269767,30.633894,16406,1998
华苑里社区(23-47栋),114.269767,30.633894,18333,2000
嘉禾园,114.160129,30.633622,13043,2004
三和剑桥城,114.264315,30.633579,9800,2015
30街坊,114.399456,30.633576,19361,1989
30街坊,114.399456,30.633576,19313,1980
天合新界,114.158118,30.63355,14396,2013
天合新界,114.158118,30.63355,15384,2012
天合新界,114.158118,30.63355,14385,2012
塔子湖兴隆苑,114.284898,30.6335,12673,2016
浩海小区,114.264713,30.63289,14000,1999
浩海小区,114.264713,30.63289,13469,2000
浩海小区,114.264713,30.63289,16500,1999
新大地花园,114.31752,30.632866,19028,1999
中胜国际,114.300999,30.632593,18000,2016
万科城,114.241846,30.63246,22650,2011
万科城,114.241846,30.63246,24647,2012
晟蓝花园,114.298148,30.63238,20212,2010
东立国际,114.320757,30.632309,25179,2010
东立国际,114.320757,30.632309,24878,2008
东立国际,114.320757,30.632309,20463,2008
联合社区,114.305497,30.632289,17666,1996
石化小区,114.375624,30.632288,18435,2000
新华家园,114.270485,30.632102,15504,2003
金色雅园金涛苑,114.255322,30.631947,19350,2016
金域花园,114.392927,30.631848,20240,2008
天伦华庭,114.317101,30.631253,20227,2008
东兴天地B区,114.371828,30.63121,14666,2004
大城小院,114.271294,30.631147,22991,2010
大城小院,114.271294,30.631147,22093,2012
青馨居,114.420326,30.630393,14487,2017
金岛御璟世家(二期),114.308042,30.630207,23199,2018
金岛御璟世家(二期),114.308042,30.630207,22142,2015
金色雅园金沙苑,114.254525,30.630025,20500,2008
金色雅园金沙苑,114.254525,30.630025,16800,2007
鑫城宜居,114.123699,30.629965,10285,2015
西湖庭苑,114.158873,30.629922,12296,2008
东方名都,114.244797,30.629809,14864,2005
田园西村,114.146978,30.629335,18181,2000
红旗公寓,114.262431,30.629331,19047,2004
翰林紫园,114.315695,30.629324,25934,2016
华中国际广场,114.293964,30.629023,13809,2016
华中国际广场,114.293964,30.629023,18392,2016
华中国际广场,114.293964,30.629023,16071,2016
华中国际广场,114.293964,30.629023,17142,2017
华中国际广场,114.293964,30.629023,13954,2016
华中国际广场,114.293964,30.629023,17846,2018
学林华府,114.266836,30.628898,19967,2008
金色雅园金源苑,114.251168,30.62835,19277,2003
金色雅园金源苑,114.251168,30.62835,19934,2008
金色雅园金源苑,114.251168,30.62835,16666,2003
新华家园文锦苑,114.264206,30.628328,22291,2004
新华家园文锦苑,114.264206,30.628328,16504,2007
德才里,114.290467,30.628065,19444,1995
冶金108街坊,114.405961,30.628032,17924,1998
冶金108街坊,114.405961,30.628032,17500,1999
冶金108街坊,114.405961,30.628032,19827,2000
华润翡翠城,114.211171,30.62785,13380,2018
冶金105街坊物业小区,114.408567,30.627791,19000,1995
田园小区,114.281738,30.627455,14736,2000
航天双城,114.32115,30.62741,29673,2008
航天双城,114.32115,30.62741,34965,2014
航天双城,114.32115,30.62741,31250,2010
航天双城,114.32115,30.62741,34965,2013
百胜家想时代,114.285351,30.627265,18461,2006
紫润明园南区,114.218441,30.62687,15274,2010
紫润明园南区,114.218441,30.62687,13736,2013
东兴天地A区,114.370948,30.626868,15384,2014
后九万方二村,114.298017,30.62684,16250,1990
罗家庄社区,114.30883,30.6267,17500,2000
冶金109街坊,114.405437,30.626426,14537,2005
杨春湖景苑,114.422138,30.626314,16206,2009
蔡家田社区B区,114.285495,30.625973,17371,1992
蔡家田社区B区,114.285495,30.625973,18421,1996
福星惠誉福星城北区,114.252052,30.62586,23281,2012
福星惠誉福星城北区,114.252052,30.62586,21975,2013
顶琇晶城,114.278709,30.625768,22872,2008
钢花新村119街坊,114.384505,30.625765,20000,2000
钢花新村119街坊,114.384505,30.625765,18043,1998
钢花新村119街坊,114.384505,30.625765,19357,2000
亚安花园,114.306632,30.625329,23304,2006
蔡家田社区A区,114.282184,30.625276,16216,1995
蔡家田社区A区,114.282184,30.625276,18571,1999
蔡家田社区A区,114.282184,30.625276,18243,1999
蔡家田社区A区,114.282184,30.625276,20662,1998
奥山世纪城澜郡,114.368648,30.625202,26086,2014
奥山世纪城澜郡,114.368648,30.625202,22813,2015
奥山世纪城澜郡,114.368648,30.625202,25531,2017
奥山世纪城澜郡,114.368648,30.625202,26579,2018
奥山世纪城澜郡,114.368648,30.625202,24112,2017
黄家墩社区,114.320619,30.62515,18771,1998
东和颐园,114.160089,30.625023,15168,2011
东和颐园,114.160089,30.625023,13646,2010
奥山世纪城澜橼,114.367929,30.624614,24581,2015
奥山世纪城澜橼,114.367929,30.624614,24468,2015
奥山世纪城澜橼,114.367929,30.624614,24946,2016
长航局江大路住宅小区,114.29856,30.624561,17934,2000
万科汉口传奇唐樾,114.272173,30.624497,26760,2017
德威大厦,114.296791,30.624296,20000,2007
福星惠誉福星城南区,114.252582,30.624223,20779,2013
青翠苑1院,114.397802,30.624021,14358,1998
中级法院宿舍,114.288349,30.623954,14204,2001
统建大江园北苑,114.300622,30.623513,22875,2003
圆梦圆国际广场,114.291925,30.623445,21264,2008
奥山世纪城,114.367809,30.622936,25263,2016
奥山世纪城,114.367809,30.622936,24869,2013
香缇美景,114.236716,30.622889,15802,2006
香缇美景,114.236716,30.622889,17901,2000
香缇美景,114.236716,30.622889,16292,2000
香缇美景,114.236716,30.622889,17570,2006
滨江苑(二期),114.325891,30.622298,32576,2006
滨江苑(一期),114.325891,30.622298,30689,2004
蓝空国粹香舍,114.278635,30.621893,21428,2008
福星惠誉青城华府,114.39537,30.621571,16043,2013
福星惠誉青城华府,114.39537,30.621571,18478,2015
青扬六和,114.368798,30.621558,20403,2014
钢都花园123街坊,114.376149,30.621514,19487,2002
钢都花园123街坊,114.376149,30.621514,20131,2002
钉丝小区,114.283319,30.621271,18811,2000
育才社区,114.289657,30.6212,20666,1995
三金华都,114.271328,30.621106,25892,2012
三金华都,114.271328,30.621106,24838,2014
武汉天地御江璟城,114.323049,30.621024,52995,2014
武汉天地御江璟城,114.323049,30.621024,54500,2014
武汉天地御江璟城,114.323049,30.621024,60563,2014
花桥社区,114.293104,30.620803,19870,1995
香江花园一二期(1-4栋),114.280877,30.620725,20833,2002
钢都花园125街坊,114.369482,30.619914,20250,2000
馨竹苑,114.197747,30.619846,15102,2012
冶建花园(东区),114.382154,30.619818,17241,2000
冶建花园(东区),114.382154,30.619818,16500,2003
海虹景,114.28409,30.619762,27894,2007
黄浦雅苑,114.312687,30.6193,22924,2005
黄浦雅苑,114.312687,30.6193,28676,2004
东方雅园三期,114.408837,30.619008,16666,2010
钢都花园126街坊,114.37268,30.618976,21311,2002
海马公园,114.261832,30.618486,22900,2017
鑫城国际聚福苑,114.26978,30.618196,22692,2012
2008城市花园,114.197806,30.617895,15573,2008
2008城市花园,114.197806,30.617895,14306,2008
2008城市花园,114.197806,30.617895,15555,2008
2008城市花园,114.197806,30.617895,13703,2008
2008城市花园,114.197806,30.617895,16421,2011
丰竹园西区,114.243516,30.617777,16400,2006
日月华庭,114.272209,30.61775,25188,2004
日月华庭,114.272209,30.61775,24230,2008
日月华庭,114.272209,30.61775,2527,2006
御才名仕,114.294457,30.617696,34460,2016
大唐新都,114.277172,30.617686,19152,2004
天顺园六组团,114.222625,30.617544,13114,2008
天顺园十组团,114.222625,30.617544,13297,2000
天顺园十组团,114.222625,30.617544,13297,2008
天顺园五组团,114.222625,30.617544,13000,2005
天顺园四组团,114.222625,30.617544,12564,2005
天顺园东2区,114.222625,30.617544,1384,2004
天顺园东2区,114.222625,30.617544,12337,2000
天顺园东2区,114.222625,30.617544,15172,2000
橡树湾,114.353501,30.616862,34460,2013
惠园大公馆,114.295595,30.616804,20990,2009
东航小区,114.258217,30.616643,15145,1998
江北园丁苑,114.268199,30.61637,17142,2000
惠济社区,114.294541,30.616078,28947,1990
金鹤园北区,114.384855,30.616018,15243,2001
金鹤园南区,114.384855,30.616018,14545,2004
金鹤园北区,114.384855,30.616018,17654,2001
金鹤园北区,114.384855,30.616018,16161,2004
葛洲坝国际广场,114.268505,30.615395,23826,2012
葛洲坝国际广场,114.268505,30.615395,26532,2012
葛洲坝国际广场,114.268505,30.615395,22129,2012
葛洲坝国际广场,114.268505,30.615395,23469,2013
天勤花园,114.197753,30.615245,16630,2008
常阳永清城,114.314287,30.615197,36461,2008
常阳永清城,114.314287,30.615197,47916,2007
时尚公寓,114.253935,30.615024,21034,2013
中城悦城(一期),114.251271,30.614892,26470,2017
九坤五环华城,114.147106,30.614053,13225,2010
九坤五环华城,114.147106,30.614053,10153,2010
九坤五环华城,114.147106,30.614053,13440,2011
金利明珠花园,114.271262,30.613543,23703,2007
金利明珠花园,114.271262,30.613543,23000,2008
金利明珠花园,114.271262,30.613543,22781,2006
融侨城2期,114.35258,30.61325,28000,2018
华美小区,114.206283,30.613246,17582,1999
王府花园,114.292636,30.613105,31896,2005
银舵新都,114.176834,30.613072,18487,2010
仁义社区,114.312331,30.612971,32352,1998
花样年花郡(一期),114.390395,30.612965,22777,2014
花样年花郡(一期),114.390395,30.612965,26140,2015
花样年花郡(一期),114.390395,30.612965,20149,2016
长福沁苑公寓,114.289066,30.612931,19853,2005
中原大厦,114.311858,30.6127,29672,2000
丰华园,114.21725,30.612644,15294,2009
丰华园,114.21725,30.612644,16292,2009
丰华园,114.21725,30.612644,14883,2005
常码头社区,114.238377,30.612443,18500,2002
百姓之春,114.220953,30.612432,15373,2008
百姓之春,114.220953,30.612432,16818,2010
易家墩街田庄社区,114.193126,30.612422,12941,1998
盛世长丰,114.21399,30.612342,15500,2013
钢都欧式花园,114.374916,30.612327,17676,2006
天泽一方,114.223785,30.6123,16000,2010
钻石公寓,114.269483,30.612224,22738,2005
富豪花园东区,114.271475,30.61198,21637,2005
富豪花园西区,114.271475,30.61198,18150,2000
富豪花园西区,114.271475,30.61198,15530,2000
吉林社区,114.316409,30.61167,30000,1995
吉林社区,114.316409,30.61167,32653,1996
吉林社区,114.316409,30.61167,30101,1990
天宇万象国际,114.208118,30.610995,14729,2017
天宇万象国际(商住楼),114.208118,30.610995,13461,2017
天宇万象国际,114.208118,30.610995,15131,2015
天宇万象国际,114.208118,30.610995,13947,2017
天宇万象国际(商住楼),114.208118,30.610995,13026,2016
天宇万象国际(商住楼),114.208118,30.610995,14000,2017
天宇万象国际,114.208118,30.610995,15800,2018
天宇万象国际(商住楼),114.208118,30.610995,15250,2016
天宇万象国际(商住楼),114.208118,30.610995,13815,2015
天宇万象国际,114.208118,30.610995,13815,2012
天宇万象国际,114.208118,30.610995,15558,2017
天宇万象国际,114.208118,30.610995,16000,2016
天宇万象国际,114.208118,30.610995,13381,2016
天宇万象国际,114.208118,30.610995,16078,2016
云鹤园,114.22706,30.61099,14848,2000
广电兰亭荣荟,114.223293,30.610988,18333,2015
广电兰亭荣荟,114.223293,30.610988,17021,2016
广电兰亭荣荟,114.223293,30.610988,19668,2016
广电兰亭荣荟,114.223293,30.610988,19545,2015
广电兰亭荣荟,114.223293,30.610988,19111,2015
广电兰亭荣荟,114.223293,30.610988,18539,2017
广电兰亭荣荟,114.223293,30.610988,21600,2016
广电兰亭荣荟,114.223293,30.610988,18800,2017
武汉碧桂园江汉山色,114.266384,30.610951,8620,2010
武汉碧桂园江汉山色,114.266384,30.610951,8400,2013
精品园,114.227353,30.610935,15060,2009
俊华雅苑,114.310749,30.610845,32954,2004
俊华雅苑,114.310749,30.610845,32222,2008
金地自在城(东区),114.389955,30.610782,23268,2016
金地自在城(东区),114.389955,30.610782,23856,2016
金地自在城(东区),114.389955,30.610782,22258,2015
金地自在城(东区),114.389955,30.610782,25000,2017
金地自在城(东区),114.389955,30.610782,25423,2017
金地自在城(东区),114.389955,30.610782,19921,2016
天下城市星座,114.280493,30.610754,29166,2008
云鹤小区,114.229161,30.610181,14487,1998
云鹤小区,114.229161,30.610181,13880,2015
云鹤小区,114.229161,30.610181,14130,2010
云鹤小区,114.229161,30.610181,16428,2000
云鹤小区,114.229161,30.610181,15322,2000
水果湖发改委宿舍,114.316742,30.61015,34302,1997
发改委宿舍,114.316742,30.61015,34883,2000
未来家园,114.312046,30.610044,35000,2010
泛海国际居住区竹海园,114.258259,30.609912,28723,2014
泛海国际居住区竹海园,114.258259,30.609912,27894,2016
泛海国际居住区桂海园,114.258259,30.609912,28901,2017
泛海国际居住区桂海园,114.258259,30.609912,30549,2016
泛海国际居住区松海园,114.258259,30.609912,33505,2018
泛海国际居住区桂海园,114.258259,30.609912,36458,2017
航侧小区,114.269343,30.609893,18064,2000
天下晶立方,114.280377,30.609828,25384,2012
城市之光,114.272979,30.609816,17682,2012
城市之光,114.272979,30.609816,17857,2014
城市之光,114.272979,30.609816,18891,2014
城市之光,114.272979,30.609816,17934,2012
泛海国际居住区悦海园,114.262896,30.609255,31683,2014
汉江湾壹号,114.190042,30.609215,17560,2018
绿景苑港东名居(二期),114.375931,30.609081,17890,2016
光华小区,114.297669,30.60901,19672,1995
雅丰园,114.225478,30.608867,15111,2010
雅丰园,114.225478,30.608867,19072,2006
武丰佳园,114.385132,30.608823,16574,2015
陈怀民路小区,114.314544,30.6084,24226,1998
两湖官邸,114.271993,30.608367,26000,2010
福星惠誉仁和公馆,114.39767,30.608292,18063,2016
黄菱苑,114.28588,30.608041,15865,1999
湖边坊社区,114.302072,30.60797,19021,1998
金涛六合花园,114.314411,30.607718,29139,2004
惠西小区,114.29032,30.607578,20000,2002
汉口人家,114.202039,30.607555,21276,2007
保利海上五月花二期,114.283012,30.607466,13684,2012
保利海上五月花二期,114.283012,30.607466,14615,2016
保利海上五月花二期,114.283012,30.607466,14356,2015
保利海上五月花二期,114.283012,30.607466,14065,2014
保利海上五月花二期,114.283012,30.607466,14456,2015
保利海上五月花二期,114.283012,30.607466,14112,2017
华发中城荟,114.265218,30.607429,28235,2018
华发中城荟,114.265218,30.607429,28301,2014
华发中城荟,114.265218,30.607429,28237,2018
华发中城荟,114.265218,30.607429,28503,2018
华发中城荟,114.265218,30.607429,29500,2016
华发中城荟,114.265218,30.607429,29750,2018
华发中城荟,114.265218,30.607429,28488,2017
华发中城荟,114.265218,30.607429,28992,2017
华发中城荟,114.265218,30.607429,28228,2016
华发中城荟,114.265218,30.607429,28400,2016
华发中城荟,114.265218,30.607429,28679,2017
润和花园,114.229658,30.60733,14772,2010
润和花园,114.229658,30.60733,17241,2002
润和花园,114.229658,30.60733,16666,2005
安和九龙阁,114.294196,30.607261,17545,1999
中行花苑,114.292297,30.607248,18857,2000
铁机宿舍西区,114.365746,30.607212,16000,1996
万科金域华府,114.358404,30.607062,22777,2010
万科金域华府,114.358404,30.607062,34090,2011
保利才盛景苑(1-8栋),114.361362,30.607041,22758,2012
保利才盛景苑(1-8栋),114.361362,30.607041,21666,2012
六合新界,114.313448,30.60689,39041,2008
六合新界,114.313448,30.60689,37500,2007
省柴小区,114.203618,30.606829,17857,2000
省柴小区,114.203618,30.606829,17469,1999
省柴小区,114.203618,30.606829,19473,2000
省柴小区,114.203618,30.606829,17142,2008
江景大厦,114.316902,30.606827,23286,2003
江景大厦,114.316902,30.606827,20131,2003
江景大厦,114.316902,30.606827,20843,2000
九运京汉名都,114.308607,30.606622,22929,2006
九运京汉名都,114.308607,30.606622,30769,2006
发展社区,114.233532,30.606246,15740,2000
海尔国际广场,114.206529,30.606174,18699,2016
海尔国际广场,114.206529,30.606174,14452,2015
海尔国际广场,114.206529,30.606174,20108,2016
鹏程花苑,114.301626,30.606141,28721,2005
现代城市广场,114.309234,30.605984,26250,2003
佳柏现代城,114.309244,30.605884,10666,2016
佳柏现代城,114.309244,30.605884,11428,2017
佳柏现代城,114.309244,30.605884,11666,2017
佳柏现代城,114.309244,30.605884,10444,2017
佳柏现代城,114.309244,30.605884,11797,2017
佳柏现代城,114.309244,30.605884,11555,2018
佳柏现代城,114.309244,30.605884,11208,2016
佳柏现代城,114.309244,30.605884,12000,2017
佳柏现代城,114.309244,30.605884,10000,2017
佳柏现代城(商住楼),114.309244,30.605884,12000,2016
佳柏现代城,114.309244,30.605884,11111,2016
佳柏现代城,114.309244,30.605884,10888,2017
佳柏现代城,114.309244,30.605884,12400,2017
佳柏现代城,114.309244,30.605884,11714,2017
佳柏现代城,114.309244,30.605884,11016,2018
球场花园,114.300371,30.605375,20952,1999
赛达国际,114.206475,30.604627,22941,2013
赛达国际,114.206475,30.604627,20247,2014
汉口春天,114.209087,30.604555,20329,2009
汉口春天,114.209087,30.604555,19892,2009
汉口春天,114.209087,30.604555,19565,2009
外滩三阳金城,114.309499,30.604473,33720,2008
外滩三阳金城,114.309499,30.604473,36663,2012
千禧城,114.212436,30.604395,22289,2017
电台村小区,114.205989,30.603957,18392,2000
康怡花园,114.297318,30.603744,17982,2000
康怡花园,114.297318,30.603744,17681,2010
模范新村,114.298392,30.603682,16142,2000
模范新村,114.298392,30.603682,20000,2004
铁机盛世家园,114.381408,30.603455,13098,2017
铁机盛世家园,114.381408,30.603455,14946,2013
东润上域,114.354958,30.603408,20754,2006
万科朗苑,114.351353,30.602934,26206,2008
紫荆花园(苗栗路),114.295459,30.602785,23571,2013
融科天城三期,114.304354,30.602496,33333,2013
融科天城一期,114.304029,30.602213,31171,2008
融科天城二期,114.301802,30.602008,29523,2012
融科天城二期,114.301802,30.602008,35502,2015
融科天城二期,114.301802,30.602008,33168,2008
新三巷社区,114.297284,30.601951,19270,1998
新三巷社区,114.297284,30.601951,17307,1995
华清园,114.30832,30.601901,35164,2008
高雄小区,114.294194,30.601792,19159,2005
幸源雅城,114.296053,30.601784,23255,2008
幸源雅城,114.296053,30.601784,24899,2007
君悦尚品,114.298832,30.601713,24789,2007
和美社区,114.286739,30.601433,18584,1990
丽华苑,114.370113,30.601337,18953,2008
丽华苑,114.370113,30.601337,19444,2009
曾家社区,114.220202,30.601317,18000,2014
万科翡翠玖玺,114.299433,30.601289,21100,2016
万科汉口传奇,114.299433,30.601289,23626,2015
万科翡翠国际,114.299433,30.601289,36645,2018
万科紫悦湾,114.299433,30.601289,16129,2016
万科紫悦湾,114.299433,30.601289,16021,2015
万科汉口传奇,114.299433,30.601289,24375,2017
台北花苑,114.290034,30.601108,17930,2001
万科香港路8号,114.299286,30.600995,27951,2007
万科香港路8号,114.299286,30.600995,27993,2007
万科香港路8号,114.299286,30.600995,24666,2007
保利城,114.365276,30.60094,28678,2018
保利城,114.365276,30.60094,25810,2013
民福金堡大厦,114.308061,30.600696,27478,2005
民福金堡大厦,114.308061,30.600696,29861,2005
招商江湾国际(商住楼),114.197991,30.600682,16153,2017
招商江湾国际(商住楼),114.197991,30.600682,22666,2017
招商江湾国际(商住楼),114.197991,30.600682,14509,2017
招商江湾国际(商住楼),114.197991,30.600682,14473,2016
招商江湾国际(商住楼),114.197991,30.600682,14102,2017
招商江湾国际(商住楼),114.197991,30.600682,15000,2016
招商江湾国际(商住楼),114.197991,30.600682,13846,2015
招商江湾国际(商住楼),114.197991,30.600682,19714,2015
招商江湾国际(商住楼),114.197991,30.600682,15384,2017
福星惠誉东湖城(二期),114.389197,30.600623,23750,2015
福星惠誉东湖城(二期),114.389197,30.600623,25250,2016
福星惠誉东湖城(二期),114.389197,30.600623,20930,2016
福星惠誉东湖城(二期),114.389197,30.600623,24473,2016
福星惠誉东湖城(二期),114.389197,30.600623,23597,2016
福星惠誉东湖城(一期),114.389197,30.600623,23493,2014
福星惠誉东湖城(二期),114.389197,30.600623,23936,2016
福星惠誉东湖城(二期),114.389197,30.600623,23375,2016
中城国际,114.305187,30.600579,34615,2012
中城国际,114.305187,30.600579,34737,2012
中城国际,114.305187,30.600579,32907,2010
中城国际,114.305187,30.600579,34867,2012
中城国际,114.305187,30.600579,29310,2012
优活城,114.34826,30.600415,28928,2013
优活城,114.34826,30.600415,24888,2013
华智大厦,114.302885,30.600161,17857,2006
熊家台小区,114.295205,30.60014,17777,1998
熊家台小区,114.295205,30.60014,20905,1999
美林青城,114.360661,30.600099,27551,2015
美林青城,114.360661,30.600099,26326,2016
美林青城,114.360661,30.600099,26846,2016
美林青城,114.360661,30.600099,23863,2009
美林青城,114.360661,30.600099,26020,2015
027社区,114.313757,30.600047,18000,2008
027社区,114.313757,30.600047,20000,2009
027社区,114.313757,30.600047,19950,2008
027社区,114.313757,30.600047,19285,2010
027社区,114.313757,30.600047,19523,2010
国信城,114.292999,30.59992,18376,2003
融侨悦府,114.207712,30.59987,20588,2000
同成广场,114.271873,30.59983,18691,2000
环亚大厦,114.280832,30.599451,19117,2004
世纪皇冠,114.299549,30.599378,20000,2004
世纪皇冠,114.299549,30.599378,24260,2000
徐东苑,114.363714,30.599155,13000,2015
古田帝园,114.220969,30.599102,14767,2015
统建千禧园,114.271707,30.59888,25659,2000
统建千禧园,114.271707,30.59888,25652,2001
杨园街二桥社区,114.351131,30.598863,20714,1990
天下国际公馆,114.281512,30.5986,25477,2012
黄浦路外贸宿舍,114.286178,30.598586,19718,1998
新业大厦,114.268923,30.598548,18827,2004
新华明珠,114.278488,30.598327,25000,2008
碧波公寓,114.287017,30.597851,20000,2002
馨悦国际,114.298645,30.597638,30645,2010
时尚欧洲,114.353335,30.597634,25405,2003
爱家国际华城,114.371431,30.597595,23703,2011
爱家国际华城,114.371431,30.597595,22852,2001
爱家国际华城,114.371431,30.597595,35471,2001
爱家国际华城,114.371431,30.597595,23854,2010
金银岛花园,114.354368,30.597463,17222,2001
东一时区,114.278882,30.597349,27867,2004
万松园小区,114.275089,30.596805,20781,1995
万松园小区,114.275089,30.596805,20849,2000
东方花城,114.206575,30.596723,16279,2008
东方花城,114.206575,30.596723,16279,2006
东方花城,114.206575,30.596723,17790,2004
东方花城,114.206575,30.596723,17307,2002
东方花城,114.206575,30.596723,19411,2004
联发九都府,114.218503,30.596368,24431,2011
爱家皇家公馆,114.371904,30.596025,21276,2012
新绿美地,114.363806,30.595694,25769,2004
新绿美地,114.363806,30.595694,21691,2005
大智公寓,114.30103,30.595648,19531,2001
桃花源南区,114.306882,30.595574,16951,2016
香港映象,114.220772,30.595364,21041,2013
香港映象,114.220772,30.595364,20000,2008
香港映象,114.220772,30.595364,16000,2009
香港映象,114.220772,30.595364,21777,2010
香港映象,114.220772,30.595364,21395,2007
香港映象,114.220772,30.595364,20495,2008
香港映象,114.220772,30.595364,23023,2008
香港映象,114.220772,30.595364,22000,2008
保利香槟国际,114.229373,30.595314,18536,2015
古南社区,114.193084,30.595103,15238,2001
古南社区,114.193084,30.595103,17534,2000
古南社区,114.193084,30.595103,19841,2000
古南社区,114.193084,30.595103,16025,2013
万松广场,114.27295,30.594994,25043,2005
万松广场,114.27295,30.594994,24655,2008
安静社区(黄石路),114.295874,30.59493,19225,1993
新阳花苑,114.108338,30.594852,10267,2011
华玻小区,114.268359,30.594765,18983,1999
江汉北路小区,114.286107,30.594642,19287,1998
汉西社区,114.230189,30.594184,14583,1999
三星公寓,114.223381,30.594137,20930,2005
紫薇花园,114.217127,30.594111,20476,2008
紫薇花园,114.217127,30.594111,18918,2012
紫薇花园,114.217127,30.594111,18918,2004
紫薇花园,114.217127,30.594111,20875,2012
紫薇花园,114.217127,30.594111,21666,2009
新世纪花园A区,114.361259,30.59409,23000,2005
纯水岸东湖天屿一期,114.391796,30.593305,34482,2013
纯水岸东湖天屿一期,114.391796,30.593305,34965,2011
纯水岸东湖天屿一期,114.391796,30.593305,34482,2015
纯水岸东湖天屿二期,114.391796,30.593305,40000,2015
纯水岸东湖天屿一期,114.391796,30.593305,42758,2013
越秀国际金融汇(一期),114.283209,30.593295,34000,2016
越秀国际金融汇(一期),114.283209,30.593295,35900,2015
吉庆家园,114.300854,30.592982,19860,2000
中力名居(徐东大街),114.353682,30.592931,16901,2004
南国大家装,114.231167,30.592737,19069,2015
南国大家装,114.231167,30.592737,18032,2015
宝业徐东雅苑,114.363158,30.592665,23750,2012
汉口新界广场,114.26839,30.592662,37500,2017
汉口新界广场,114.26839,30.592662,28214,2018
阳光新天地,114.279154,30.592476,4751,2008
阳光新天地,114.279154,30.592476,5531,2006
航空社区,114.267262,30.592416,18481,2000
永安名苑,114.227951,30.59241,16078,2000
香格华府,114.038652,30.592397,6346,2006
CBD楚世家,114.245518,30.592367,25378,2015
兰陵大公馆,114.303727,30.592367,20212,2006
CBD楚世家,114.245518,30.592367,26976,2015
徐清公寓(宏昌路),114.351886,30.592038,17692,1996
汉水熙园,114.221215,30.591912,22457,2005
汉水熙园,114.221215,30.591912,18852,2012
汉水熙园,114.221215,30.591912,21033,2006
电业新村,114.269891,30.591722,25844,2006
鑫成大厦,114.295833,30.591572,17647,2005
广电江湾新城南区,114.205806,30.591569,19780,2012
广电江湾新城南区,114.205806,30.591569,19680,2011
广电江湾新城北区,114.205806,30.591569,21264,2011
时代豪苑,114.307897,30.591363,35460,2008
时代豪苑,114.307897,30.591363,30408,2007
时代豪苑,114.307897,30.591363,33223,2007
兰陵路二十中宿舍,114.306489,30.591243,19090,1995
兰陵路二十中宿舍,114.306489,30.591243,25781,1999
规划小区,114.295116,30.591174,8347,2002
规划小区,114.295116,30.591174,8330,2000
博学仕府,114.224306,30.591133,26976,2008
城南明珠,114.039609,30.59113,8415,2011
鹏程花园,114.361534,30.590873,22101,2003
鹏程花园,114.361534,30.590873,22439,2003
玉龙居小区,114.306428,30.590721,21967,1999
建华大厦,114.297235,30.589959,2205,2004
汉阳惠民苑,114.175635,30.589905,11052,2013
徐东社区,114.352674,30.589749,13265,2016
东湖景园A区,114.382712,30.589687,16071,2013
福星惠誉国际城3期,114.356699,30.589332,24262,2014
保成社区北区,114.296611,30.5892,20895,1990
福晟滨江国际,114.045651,30.589117,11075,2016
武车五村小区,114.338744,30.589037,19444,1998
桂苑西村,114.223996,30.588499,19754,2000
桂苑西村,114.223996,30.588499,21000,2006
湖北省邮电学校教工宿舍,114.333675,30.588496,17671,2010
同济宝丰小区,114.261046,30.588415,31219,2004
科技王广场,114.292661,30.58826,24000,2003
联发九都国际,114.358681,30.58813,28688,2017
联发九都国际,114.358681,30.58813,25035,2016
联发九都国际,114.358681,30.58813,28977,2013
联发九都国际,114.358681,30.58813,25789,2015
东湖花园一期,114.373092,30.588087,18674,2008
左岸美邻,114.22542,30.588081,21250,2017
左岸美邻,114.22542,30.588081,26800,2011
绿地国际金融城(商住楼),114.330676,30.587914,25781,2016
绿地国际金融城(商住楼),114.330676,30.587914,31631,2013
绿地国际金融城(商住楼),114.330676,30.587914,31779,2014
绿地国际金融城(商住楼),114.330676,30.587914,31034,2016
万科金色家园一期,114.287121,30.587813,28915,2009
江城华庭,114.285825,30.587485,28072,2004
营房社区,114.257975,30.587237,15512,2000
创世纪广场,114.274235,30.58721,16836,2008
福星惠誉国际城,114.359239,30.587139,28571,2008
福星惠誉国际城,114.359239,30.587139,24827,2017
福星惠誉国际城,114.359239,30.587139,23934,2014
福星惠誉国际城,114.359239,30.587139,24689,2017
紫晶城,114.295726,30.586966,21851,2000
七星绿色花园,114.345183,30.586866,25874,2006
正堂山外山,114.370156,30.586738,22857,2015
正堂山外山,114.370156,30.586738,29251,2016
正堂山外山,114.370156,30.586738,27891,2017
正堂山外山,114.370156,30.586738,27210,2017
江景花园,114.047886,30.586608,12098,2008
文兴花园,114.02925,30.586522,7889,2011
天宇盛世滨江,114.224278,30.586458,25728,2015
武广公寓,114.277292,30.586193,20341,2004
温馨家园(工农路),114.050845,30.586019,7846,2011
永丰社区,114.286061,30.58595,18500,1996
丽水康城,114.226543,30.585894,19819,2007
美好名流汇,114.293594,30.585516,19230,2017
美好名流汇,114.293594,30.585516,18571,2015
佳兆业滨江壹号,114.192097,30.585148,15446,2017
佳兆业滨江壹号,114.192097,30.585148,14436,2017
天下峰景,114.049463,30.58514,10924,2011
水岸星城A区,114.353677,30.584178,28787,2003
水岸星城A区,114.353677,30.584178,31657,2010
都市经典,114.360046,30.583832,18691,2009
东湖睿园,114.370517,30.583609,24178,2015
东湖睿园,114.370517,30.583609,24041,2017
水岸星城B区,114.352543,30.583382,32246,2010
水岸星城B区,114.352543,30.583382,35328,2010
水岸星城B区,114.352543,30.583382,32500,2011
水岸星城B区,114.352543,30.583382,35981,2010
水岸星城B区,114.352543,30.583382,33993,2008
水岸星城B区,114.352543,30.583382,29778,2010
融侨锦江,114.228804,30.583335,24032,2015
融侨锦江,114.228804,30.583335,25842,2014
梨园小区,114.374642,30.583304,23333,1998
东湖天下,114.378992,30.582745,37500,2006
宝利金中央荣御,114.298551,30.582735,29824,2009
宝利金中央荣御,114.298551,30.582735,27283,2012
宝利金中央荣御,114.298551,30.582735,26464,2013
中国铁建国际花园,114.193856,30.582611,17979,2016
锦狮丽苑,114.050567,30.582586,8373,2013
仁和世家,114.267993,30.582519,54809,2006
仁和世家,114.267993,30.582519,27956,2004
省电社区(东亭路),114.373083,30.582486,20666,2012
沿海菱角湖壹号,114.297941,30.582442,28571,2016
万达广场住宅小区,114.297941,30.582442,26551,2012
万达广场住宅小区,114.297941,30.582442,25824,2010
中环新天地,114.256849,30.582125,16938,2008
时代美博城,114.290728,30.582092,25449,1998
宝康苑,114.270377,30.582044,20763,2006
荷风雅居,114.049598,30.581958,12417,2010
荷风雅居,114.049598,30.581958,11956,2010
东湖春树里,114.369157,30.58194,22983,2008
东湖春树里,114.369157,30.58194,21768,2009
东湖春树里,114.369157,30.58194,25833,2008
东湖春树里,114.369157,30.58194,24800,2010
宝利金国际广场,114.298747,30.581887,23571,2005
宝利金国际广场,114.298747,30.581887,20941,2006
站邻园社区,114.271223,30.581864,21904,2000
联创中心未来寓,114.290302,30.581729,14426,2015
联创中心未来寓,114.290302,30.581729,13947,2016
联创中心未来寓,114.290302,30.581729,11842,2018
联创中心未来寓,114.290302,30.581729,13278,2016
联创中心未来寓,114.290302,30.581729,13114,2017
联创中心未来寓,114.290302,30.581729,12786,2015
联创中心未来寓,114.290302,30.581729,12105,2017
联创中心未来寓,114.290302,30.581729,13934,2017
联创中心未来寓,114.290302,30.581729,12463,2016
联创中心未来寓,114.290302,30.581729,12029,2014
联创中心未来寓,114.290302,30.581729,13684,2016
联创中心未来寓,114.290302,30.581729,11469,2017
联创中心未来寓,114.290302,30.581729,14000,2017
联创中心未来寓,114.290302,30.581729,12857,2016
联创中心未来寓,114.290302,30.581729,11842,2017
联创中心未来寓,114.290302,30.581729,11627,2016
联创中心未来寓,114.290302,30.581729,11956,2016
联创中心未来寓,114.290302,30.581729,14262,2015
联创中心未来寓,114.290302,30.581729,14285,2018
联创中心未来寓,114.290302,30.581729,12631,2016
联创中心未来寓,114.290302,30.581729,14285,2016
世纪江尚,114.301847,30.58165,38655,2016
世纪江尚,114.301847,30.58165,37606,2016
世纪江尚,114.301847,30.58165,38709,2016
世纪江尚,114.301847,30.58165,36666,2016
世纪江尚,114.301847,30.58165,33439,2016
世纪江尚,114.301847,30.58165,34846,2016
世纪江尚(别墅),114.301847,30.58165,48034,2020
世纪江尚,114.301847,30.58165,29444,2016
世纪江尚,114.301847,30.58165,35702,2016
世纪江尚,114.301847,30.58165,38172,2016
世纪江尚,114.301847,30.58165,34919,2016
正阳大悦城,114.02101,30.581504,11610,2017
盛泰苑东区,114.030554,30.581329,7608,2010
武汉江山,114.3162,30.581084,31952,2017
武汉宝业中心,114.3162,30.581084,12857,2016
武汉宝业中心,114.3162,30.581084,12888,2016
武汉江山,114.3162,30.581084,30887,2016
金叶SOLO国际,114.252855,30.581048,21551,2008
金叶SOLO国际,114.252855,30.581048,15625,2002
广场小区,114.046346,30.580994,8285,2009
同馨花园2期,114.26181,30.580677,31267,2009
秦水名邸,114.231241,30.580624,18921,2012
中央公馆,114.036753,30.5806,10683,2017
中央公馆,114.036753,30.5806,10683,2015
游艺社区,114.279928,30.580504,15950,1998
东辉花园,114.256957,30.580298,22977,2005
东辉花园,114.256957,30.580298,22826,2009
东辉花园,114.256957,30.580298,20762,2008
东辉花园,114.256957,30.580298,20810,2008
祥鑫天骄城,114.026436,30.580264,11157,2015
建新东区,114.044166,30.579821,9593,2008
福星惠誉榜YOUNG,114.329658,30.579776,19377,2018
福星惠誉榜YOUNG,114.329658,30.579776,18604,2017
阮家台铁路住宅区,114.240055,30.579775,17037,2003
雅典居花园,114.284139,30.579765,20000,2013
鄂教小区,114.263748,30.579743,20606,1998
天后社区,114.286017,30.57971,21600,1990
仁硚新村,114.256696,30.579692,22533,2004
荣西社区,114.274215,30.579692,19603,1998
佳和广场,114.278441,30.579641,17884,2003
阳城汉江苑,114.197054,30.579397,13446,2016
楚天都市雅园,114.368384,30.579293,28985,2015
龙腾仕家,114.036364,30.578783,11413,2010
荣东社区,114.276348,30.578583,18823,2000
恒大首府东区,114.328123,30.578334,30112,2014
恒大首府西区,114.328123,30.578334,32867,2013
恒大首府东区,114.328123,30.578334,28911,2014
恒大首府东区,114.328123,30.578334,31404,2015
地质村,114.27351,30.577947,20161,2000
御景名苑,114.263482,30.577562,25050,2000
白玫瑰花苑,114.358736,30.577121,23243,2000
金海名都,114.277,30.576686,23191,2010
金海名都,114.277,30.576686,22978,2013
金海名都,114.277,30.576686,22340,2014
燕山社区,114.282038,30.576642,19871,2003
钟家村小区,114.278878,30.576432,18518,2008
融侨华府,114.32364,30.576385,28431,2011
融侨华府,114.32364,30.576385,35164,2010
融侨华府,114.32364,30.576385,31446,2006
融侨华府,114.32364,30.576385,25490,2006
融侨华府,114.32364,30.576385,25882,2012
融侨华府,114.32364,30.576385,26470,2008
融侨华府,114.32364,30.576385,32704,2009
融侨华府,114.32364,30.576385,32542,2009
崇仁小区,114.267586,30.576358,18965,1996
江汉二桥街知音西苑社区,114.216632,30.576168,15348,1993
幸乐村小区,114.271049,30.576127,19603,1998
裕亚俊园,114.264394,30.576006,23231,2012
裕亚俊园,114.264394,30.576006,27083,2014
民权公寓,114.299227,30.575921,22172,2005
公务员大厦,114.270038,30.575918,17532,2003
越秀星汇云锦,114.255553,30.575623,30104,2016
越秀星汇云锦,114.255553,30.575623,31060,2014
越秀星汇云锦,114.255553,30.575623,31439,2014
省购宿舍,114.363348,30.575431,22549,1999
旌德社区,114.282901,30.575267,19266,2000
旌德社区,114.282901,30.575267,19963,1998
旌德社区,114.282901,30.575267,16447,2000
旌德社区,114.282901,30.575267,17894,2000
爱尚东亭,114.359953,30.57522,31386,2012
国信新城二三期,114.222581,30.575127,15044,2008
崇仁新都,114.268973,30.574958,22448,2006
沁园铭城,114.043236,30.574267,11816,2012
汉华花园,114.272553,30.574227,18904,2000
水岸国际澜桥公馆,114.327941,30.574046,40449,2014
丽景苑,114.275429,30.574036,19350,2006
华润悦府,114.249278,30.573813,20986,2014
水仙里小区,114.208374,30.573792,14908,2000
水仙里小区,114.208374,30.573792,13827,1995
水仙里小区,114.208374,30.573792,14906,1993
汉正花园,114.284276,30.573334,19248,2005
昌南花园,114.194494,30.573254,14044,2008
安善社区,114.282218,30.573151,17901,2000
安善社区,114.282218,30.573151,17592,2000
东亭小区,114.364464,30.573131,19767,1999
华发外滩首府,114.284055,30.572422,34973,2018
华发外滩首府,114.284055,30.572422,34000,2018
华发外滩首府,114.284055,30.572422,34948,2018
华发外滩首府,114.284055,30.572422,35026,2018
华发外滩首府,114.284055,30.572422,33968,2018
华发外滩首府,114.284055,30.572422,33015,2018
中海琴台华府,114.251987,30.57226,22400,2016
金昌大厦,114.284558,30.572258,14714,1995
江山如画4期,114.271478,30.572034,27600,2013
江山如画4期,114.271478,30.572034,28915,2013
江山如画2期,114.268762,30.57164,23802,2006
江山如画2期,114.268762,30.57164,26086,2008
万达公馆,114.316359,30.571437,27972,2012
东富商城,114.277648,30.571327,18550,2000
东富商城,114.277648,30.571327,18840,1998
江山如画1期,114.270454,30.571016,23148,2006
江山如画1期,114.270454,30.571016,21942,2006
江山如画1期,114.270454,30.571016,27142,2006
江山如画1期,114.270454,30.571016,26455,2012
江山如画6期,114.270548,30.570671,29886,2008
江山如画3期,114.270548,30.570671,25000,2009
江山如画3期,114.270548,30.570671,25319,2009
竹牌社区,114.279253,30.570569,26000,1992
统建玫瑰苑(北苑),114.209227,30.570392,14814,2001
九龙仓月玺,114.249684,30.570234,23801,2016
统建锦绣江南二四期,114.363439,30.569933,31828,2010
统建锦绣江南二四期,114.363439,30.569933,31851,2011
十里玫瑰二期,114.228741,30.569645,10000,2017
十里玫瑰,114.228741,30.569645,11454,2016
幺铺还建楼,114.083372,30.569558,5111,2016
幺铺还建楼,114.083372,30.569558,5833,2015
幺铺还建楼,114.083372,30.569558,5000,2015
月湖琴声,114.251243,30.569303,23235,2015
锦绣江南一期,114.365126,30.569059,30909,2008
十里铺社区,114.22207,30.568861,16304,2002
金龙百灵景都,114.231097,30.568514,17717,2010
黄鹂小区,114.375882,30.567618,25625,1995
东湖壹号,114.36314,30.567202,33008,2013
东湖壹号,114.36314,30.567202,38474,2014
王家湾中央生活区,114.211047,30.566901,18393,2015
王家湾中央生活区,114.211047,30.566901,18548,2015
顶琇广场,114.215174,30.566891,18043,2018
亿达云山湖,114.512634,30.566181,13684,2015
亿达云山湖,114.512634,30.566181,14000,2015
亿达云山湖,114.512634,30.566181,14000,2014
亿达云山湖,114.512634,30.566181,15384,2015
亿达云山湖,114.512634,30.566181,15416,2014
亿达云山湖,114.512634,30.566181,14631,2017
亿达云山湖,114.512634,30.566181,17578,2015
阳城景园,114.227628,30.565805,17973,2006
蓝湾俊园,114.311957,30.565627,22047,2004
中国铁建国际城,114.205388,30.56545,17857,2013
中国铁建国际城,114.205388,30.56545,18674,2016
中国铁建国际城,114.205388,30.56545,19565,2016
中国铁建国际城,114.205388,30.56545,17553,2015
友谊国际,114.322502,30.565246,27777,2017
汉街壹号公馆,114.348314,30.564869,35416,2016
欧洲花园,114.353413,30.564862,20253,2005
欧洲花园,114.353413,30.564862,21424,2006
武昌园林局宿舍,114.353622,30.56486,18219,2000
领寓,114.350335,30.564147,26829,2009
安顺星苑,114.346291,30.561967,28441,2003
碧桂园生态城山湖间,114.508756,30.560996,14883,2014
碧桂园生态城山湖间,114.508756,30.560996,15192,2015
碧桂园生态城山湖间,114.508756,30.560996,17204,2013
天地源城际花园,114.360785,30.560836,15540,2013
天地源城际花园,114.360785,30.560836,14864,2013
西山林语,114.127466,30.559903,14615,2013
西山林语,114.127466,30.559903,12357,2012
安顺花园,114.343766,30.559775,26666,2005
安顺家园,114.343691,30.559664,32089,2010
安顺家园,114.343691,30.559664,31088,2008
安顺家园,114.343691,30.559664,37457,2008
五琴里社区,114.256681,30.559222,20652,1997
新澳蓝草坪,114.209472,30.559164,17982,2013
新澳蓝草坪,114.209472,30.559164,18666,2010
新澳蓝草坪,114.209472,30.559164,19129,2013
中大十里新城,114.222222,30.558056,20359,2017
中大十里新城,114.222222,30.558056,18181,2004
中大十里新城,114.222222,30.558056,18862,2014
碧桂园生态城依云,114.496463,30.55779,15670,2015
碧桂园生态城依云,114.496463,30.55779,16111,2015
碧桂园生态城观澜苑,114.496463,30.55779,15000,2015
碧桂园生态城观澜苑,114.496463,30.55779,14539,2015
碧桂园生态城观澜苑,114.496463,30.55779,14184,2015
碧桂园生态城依云,114.496463,30.55779,15384,2016
碧桂园生态城观澜苑,114.496463,30.55779,15625,2015
碧桂园生态城观澜苑,114.496463,30.55779,15416,2015
龙阳时代,114.213663,30.557719,19375,2016
人信汇(一期),114.211371,30.557449,19642,2014
星海虹城,114.335268,30.557143,31736,2009
琴台社区,114.267718,30.556878,20311,1998
琴台社区,114.267718,30.556878,19500,2006
东龙世纪花园,114.327488,30.55664,26666,2009
都府堤社区,114.30374,30.556329,22500,2000
龙阳1号,114.217448,30.556235,19047,2015
长城汇,114.344648,30.55605,31881,2016
恒大绿洲,114.130466,30.555894,12500,2013
恒大绿洲,114.130466,30.555894,14193,2013
恒大绿洲,114.130466,30.555894,13153,2012
恒大绿洲,114.130466,30.555894,12500,2012
人信汉商银座,114.274566,30.555369,21000,2016
双柏小区,114.315624,30.554435,20619,2000
双柏小区,114.315624,30.554435,20597,1995
水果湖统计局宿舍,114.351905,30.55423,34712,2002
东方华尔兹,114.248666,30.554078,20224,2010
东方华尔兹,114.248666,30.554078,20111,2009
楚材社区,114.30802,30.553944,20000,1998
南静苑小区,114.231775,30.55383,14602,2000
舒心苑(鹰台路步行街),114.352472,30.553719,34647,2002
桃花岛城市花园,114.229408,30.553705,14606,1993
五里汉城,114.259587,30.553622,19157,2005
万科汉阳国际A区,114.200424,30.553229,18907,2015
万科汉阳国际A区,114.200424,30.553229,19285,2016
万科汉阳国际A区,114.200424,30.553229,18133,2016
拜赞庭,114.333836,30.55276,23193,2007
拜赞庭,114.333836,30.55276,23109,2000
万科汉阳国际B区,114.200968,30.551895,19358,2015
万科汉阳国际B区,114.200968,30.551895,20749,2014
新长江香榭琴台东区,114.257808,30.551574,23426,2012
金沙阁,114.328773,30.551312,20720,2002
中科院水生所宿舍区,114.365172,30.551306,30000,2000
龙江庭苑A区,114.258677,30.551176,18489,2009
龙江庭苑B区,114.259638,30.551052,18846,2009
小东门二航设计院宿舍,114.322579,30.550995,18570,1993
万科汉阳国际C区,114.198733,30.550583,19390,2015
忠孝门小区,114.321888,30.550582,21428,1996
水墨甲秀(别墅),114.213427,30.550257,29302,2013
福星惠誉汉阳城,114.276639,30.550182,24698,2015
南国明珠3期,114.210609,30.549955,22295,2011
华润置地公馆,114.332754,30.5496,31636,2012
张家湾小区,114.353512,30.549349,36461,2000
张家湾小区,114.353512,30.549349,36238,2000
就业小区,114.349085,30.549175,30000,2000
碧桂园生态城左岸,114.522319,30.54873,13274,2016
碧桂园生态城左岸,114.522319,30.54873,13114,2015
碧桂园生态城左岸,114.522319,30.54873,13684,2015
碧桂园生态城左岸,114.522319,30.54873,13114,2016
碧桂园生态城左岸,114.522319,30.54873,13636,2016
碧桂园生态城左岸,114.522319,30.54873,13204,2017
碧桂园生态城左岸,114.522319,30.54873,13716,2015
碧桂园生态城左岸,114.522319,30.54873,13894,2016
碧桂园生态城左岸,114.522319,30.54873,12950,2015
碧桂园生态城左岸,114.522319,30.54873,14285,2015
中南龙庭,114.333914,30.548545,22461,2008
鹦鹉花园,114.278623,30.548479,18560,2000
新长江香榭琴台墨园,114.257248,30.548461,21538,2015
现代大厦,114.325917,30.548428,23265,2006
阳光年华,114.331637,30.548211,25887,2009
南国明珠1期,114.209043,30.547708,16030,2012
南国明珠1期,114.209043,30.547708,18556,2012
名流公馆西区,114.256144,30.54765,17428,2016
名流公馆东区,114.256144,30.54765,17322,2015
名流公馆东区,114.256144,30.54765,18155,2015
中南电力设计院生活区,114.334977,30.547322,23576,1998
中南电力设计院生活区,114.334977,30.547322,23427,1998
中南电力设计院生活区,114.334977,30.547322,23427,1997
中南建筑设计院科研设计中心,114.340888,30.546888,36813,2000
中南建筑设计院科研设计中心,114.340888,30.546888,41071,1996
中南建筑设计院科研设计中心,114.340888,30.546888,32105,1997
中南建筑设计院科研设计中心,114.340888,30.546888,32096,1997
南国明珠4期,114.209113,30.546796,19351,2016
世茂锦绣长江1期,114.281253,30.546746,25446,2014
朗诗绿色街区,114.202211,30.54658,20512,2015
武铁洪山住宅小区,114.346264,30.546462,24050,2000
武铁洪山住宅小区,114.346264,30.546462,24209,1995
湖北省测绘局中南大院,114.334823,30.546319,33962,1996
汉飞又一城,114.302016,30.546282,31542,2013
南国明珠2期,114.212962,30.546129,19354,2010
清能清江锦城一期,114.307481,30.546029,17032,2014
清能清江锦城一期,114.307481,30.546029,17032,2013
清能清江锦城一期,114.307481,30.546029,16216,2016
清能清江锦城一期,114.307481,30.546029,18421,2015
清能清江锦城二期,114.307481,30.546029,16853,2015
翠微福苑,114.268828,30.545961,15168,2012
洪山坊社区(武珞路五巷),114.332731,30.545874,22619,1998
世茂锦绣长江2期,114.278078,30.545772,25694,2009
凯乐花园,114.330356,30.545557,29527,2005
凯乐花园,114.330356,30.545557,28025,2006
武汉生物研究所宿舍,114.298758,30.545488,26190,2010
彭刘杨路机电宿舍,114.3105,30.545484,23504,1998
世茂锦绣长江3期,114.280143,30.544641,25817,2013
世茂锦绣长江3期,114.280143,30.544641,23736,2015
银海华庭,114.350397,30.544573,27750,2003
银海华庭,114.350397,30.544573,25797,2005
银海华庭,114.350397,30.544573,26051,2006
广电兰亭熙园,114.256484,30.544548,21022,2012
丽水花园,114.251586,30.544457,16269,2015
建设厅社区,114.341915,30.54436,33962,1996
建设厅社区,114.341915,30.54436,33644,1998
武汉中国健康谷,114.121191,30.544147,12258,2016
武汉音乐学院家属区,114.302658,30.543873,19444,1998
嘉园大厦,114.338482,30.543835,20600,2012
嘉园大厦,114.338482,30.543835,19531,2006
嘉园大厦,114.338482,30.543835,21551,2008
紫竹园,114.327032,30.543784,17039,2008
紫竹园,114.327032,30.543784,18297,2002
鹏程时代,114.339564,30.542555,17796,2005
鹏程时代,114.339564,30.542555,20158,2003
育才嘉苑,114.322563,30.54221,23571,2005
石化大院,114.339521,30.541994,31920,1995
世茂锦绣长江4期,114.274654,30.541616,24898,2014
世茂锦绣长江4期,114.274654,30.541616,24404,2008
世茂锦绣长江4期,114.274654,30.541616,24195,2014
世茂锦绣长江(5期),114.274654,30.541616,24503,2014
世茂锦绣长江(5期),114.274654,30.541616,27292,2016
世茂锦绣长江(5期),114.274654,30.541616,23736,2015
世茂锦绣长江4期,114.274654,30.541616,27710,2014
世茂锦绣长江(5期),114.274654,30.541616,27027,2016
中建广场,114.338926,30.541215,22016,2004
中建广场,114.338926,30.541215,20000,2007
广电兰亭都荟,114.261885,30.541189,21949,2014
电信宿舍,114.359745,30.541182,17307,1998
和昌森林湖,114.21042,30.540968,20000,2015
紫阳金利屋,114.308273,30.540957,27551,2006
广电兰亭珑府,114.253302,30.540237,20777,2015
广电兰亭珑府,114.253302,30.540237,20718,2016
招商公园1872璟园,114.229674,30.540121,20315,2014
招商公园1872璟园,114.229674,30.540121,20400,2015
招商公园1872璟园,114.229674,30.540121,15116,2018
招商公园1872璟园,114.229674,30.540121,16726,2016
招商公园1872璟园,114.229674,30.540121,19021,2017
中南国际城,114.336145,30.539913,24000,2013
中南国际城,114.336145,30.539913,26000,2012
法苑小区,114.316762,30.539694,20694,1999
招商公园1872尚府,114.233983,30.539669,13823,2018
合汇景苑,114.266517,30.53836,17204,2010
梅苑小区,114.333917,30.538236,21333,1998
梅苑小区,114.333917,30.538236,21733,1994
红鑫佳园,114.330583,30.537321,20247,2010
四眼井社区,114.362399,30.536979,17960,2000
金桥港湾花园水木廷苑,114.267094,30.536742,19186,2012
水陆街社区,114.306651,30.536459,17656,2000
卧龙墨水湖边,114.23732,30.536156,16629,2017
卧龙墨水湖边,114.23732,30.536156,16636,2017
卧龙墨水湖边,114.23732,30.536156,18902,2017
卧龙墨水湖边,114.23732,30.536156,16956,2017
卧龙墨水湖边,114.23732,30.536156,17987,2016
卧龙墨水湖边,114.23732,30.536156,18674,2017
卧龙墨水湖边,114.23732,30.536156,19058,2016
卧龙墨水湖边,114.23732,30.536156,20357,2015
卧龙墨水湖边,114.23732,30.536156,16956,2016
卧龙墨水湖边,114.23732,30.536156,16891,2017
街道口小区,114.353814,30.535663,20220,2000
街道口小区,114.353814,30.535663,19871,2000
紫菘中南特区,114.340158,30.535323,21777,2000
桥机嘉园,114.26587,30.535212,15806,2008
三里民居,114.257452,30.535049,18421,2014
新城春天里,114.249237,30.535027,15841,2013
梅苑小区2期,114.331223,30.535014,20000,1999
梅苑小区2期,114.331223,30.535014,20945,1999
芳卉园,114.26964,30.534791,21100,2003
凯德知音的湖,114.091642,30.534777,10235,2014
ICC汉阳国际公寓,114.194307,30.534753,10222,2013
东湖楚天府,114.375725,30.534704,35368,2016
民政厅小区,114.314333,30.534556,20945,1997
民政厅小区,114.314333,30.534556,20769,1996
武电仪小区,114.37154,30.534533,25193,2002
武电仪小区,114.37154,30.534533,21666,1998
兆富国际,114.355952,30.53444,13265,2003
兴华御水澜湾,114.243539,30.534017,15028,2017
桥机新村,114.266407,30.533834,16880,2003
翰林苑小区,114.199743,30.533496,13950,2008
鹏程国际,114.360477,30.533455,19094,2004
鹏程国际,114.360477,30.533455,19055,2003
绿地悦澜湾,114.22224,30.5333,27974,2016
绿地悦澜湾,114.22224,30.5333,19778,2017
名流印象,114.247842,30.532393,15714,2015
金太阳米兰小镇东区,114.201473,30.53231,18600,2009
中环湖畔,114.192876,30.531843,13917,2010
中环湖畔,114.192876,30.531843,14226,2010
观澜国际,114.228163,30.531763,16304,2014
观澜国际,114.228163,30.531763,15769,2014
观澜国际,114.228163,30.531763,16000,2015
观澜国际,114.228163,30.531763,15375,2015
观澜国际,114.228163,30.531763,18064,2015
观澜国际,114.228163,30.531763,19512,2013
未来城,114.359943,30.530923,25952,2011
未来城,114.359943,30.530923,15555,2010
未来城,114.359943,30.530923,22317,2015
气门厂宿舍,114.35843,30.530891,17397,1999
百瑞景中央生活区(六期),114.344177,30.530669,28888,2013
百瑞景中央生活区(四期),114.344177,30.530669,37090,2014
百瑞景中央生活区(一期),114.344177,30.530669,33452,2010
百瑞景中央生活区(一期),114.344177,30.530669,34285,2010
百瑞景中央生活区(六期),114.344177,30.530669,34327,2016
百瑞景中央生活区(四期),114.344177,30.530669,34782,2015
百瑞景中央生活区(东二区西区),114.344177,30.530669,35808,2011
百瑞景中央生活区(东二区东区),114.344177,30.530669,32967,2013
百瑞景中央生活区(东二区西区),114.344177,30.530669,34239,2013
百瑞景中央生活区(东二区东区),114.344177,30.530669,33152,2012
百瑞景中央生活区(东二区东区),114.344177,30.530669,31161,2014
竹苑小区东区,114.35144,30.53065,20202,2000
武昌城市公园,114.326659,30.53055,20080,2006
武昌城市公园,114.326659,30.53055,19920,2009
汇文新都D区,114.308417,30.530398,20576,2000
汇文新都D区,114.308417,30.530398,20162,2004
石牌园社区,114.348065,30.53039,20000,2000
福园,114.359055,30.53025,13953,2000
金色港湾,114.349497,30.53001,16489,2013
金色港湾MIMI空间,114.349497,30.53001,17826,2017
金色港湾MIMI空间,114.349497,30.53001,14782,2015
金色港湾,114.349497,30.53001,16129,2008
金色港湾MIMI空间,114.349497,30.53001,13666,2018
金色港湾MIMI空间,114.349497,30.53001,17391,2016
金色港湾MIMI空间,114.349497,30.53001,13785,2017
金色港湾MIMI空间,114.349497,30.53001,17826,2016
金色港湾MIMI空间,114.349497,30.53001,14814,2016
金色港湾MIMI空间,114.349497,30.53001,18260,2014
金色港湾MIMI空间,114.349497,30.53001,18695,2017
金色港湾MIMI空间,114.349497,30.53001,16956,2018
金色港湾,114.349497,30.53001,17222,2013
金色港湾,114.349497,30.53001,16003,2009
金色港湾MIMI空间,114.349497,30.53001,16956,2017
金色港湾,114.349497,30.53001,17200,2008
金色港湾MIMI空间,114.349497,30.53001,18260,2018
静安上城,114.328037,30.529794,22547,2005
星光国际(二期),114.227121,30.52973,19841,2018
汇文新都C区,114.310626,30.528584,19230,2000
金桥普林斯顿,114.154331,30.527731,12888,2013
金桥普林斯顿,114.154331,30.527731,13666,2013
金桥普林斯顿,114.154331,30.527731,13888,2014
东湖名居,114.377102,30.527371,22875,2003
东湖名居,114.377102,30.527371,25401,2005
东湖名居,114.377102,30.527371,25367,2018
开来都市丰景,114.205863,30.527185,15656,2017
桂子山庄,114.362633,30.52705,16906,2005
滨湖名邸一期,114.343955,30.526838,27619,2005
滨湖名邸二期,114.343955,30.526838,26451,2007
天下龙岭广场,114.348865,30.526329,25000,2016
天下龙岭广场,114.348865,30.526329,24566,2016
黎明教师小区,114.356448,30.525952,18548,1998
学府丽城,114.152369,30.525405,12962,2015
湖墅观止(别墅),114.121305,30.525206,21739,2010
大洋彼岸,114.130858,30.524618,10181,2008
丽岛2046,114.337296,30.524427,24201,2015
丽岛2046,114.337296,30.524427,26875,2015
联投金色港湾,114.160702,30.524004,14000,2015
雄楚春天,114.331713,30.523933,24000,2017
圆梦08庄园,114.323914,30.523803,7448,2015
岭上府,114.344388,30.523785,27424,2016
江宏花园C区,114.323138,30.523616,14166,2001
江宏花园C区,114.323138,30.523616,15692,2004
绿地中央广场A区,114.222266,30.523586,16170,2014
绿地中央广场A区,114.222266,30.523586,15882,2015
绿地中央广场A区,114.222266,30.523586,15950,2014
湖滨花园,114.390776,30.523442,8045,2014
湖滨花园,114.390776,30.523442,6629,2008
湖滨花园,114.390776,30.523442,6480,2008
卓刀泉社区,114.383837,30.52337,18253,2000
泓悦府,114.350366,30.523108,26276,2016
泓悦府,114.350366,30.523108,25157,2015
喻园2期,114.429413,30.522978,29120,2004
知音半岛,114.118116,30.52285,10877,2014
喻园,114.431254,30.522752,28187,2008
绿地中央广场B区,114.222165,30.522547,16094,2014
绿地中央广场B区,114.222165,30.522547,16117,2014
天久云门,114.319119,30.522281,19134,2009
迪雅花园,114.340704,30.522042,19101,1999
人信千年美丽南区,114.113474,30.52195,12298,2010
人信千年美丽南区,114.113474,30.52195,12408,2013
人信千年美丽南区,114.113474,30.52195,11777,2008
人信千年美丽南区,114.113474,30.52195,11666,2014
景虹花园一期,114.32802,30.521778,18823,2002
南湖雅园,114.357073,30.52154,17241,2005
南湖雅园,114.357073,30.52154,18202,2012
长虹桥小区,114.316005,30.521486,25535,2000
广电兰亭盛荟,114.243844,30.52127,19852,2016
广电兰亭盛荟,114.243844,30.52127,19130,2015
广电兰亭盛荟,114.243844,30.52127,21323,2016
恒大御景湾,114.254986,30.521184,17923,2015
恒大御景湾,114.254986,30.521184,15468,2015
丰收小区,114.308831,30.520805,13809,2000
宁静苑(平安路),114.325626,30.520729,30952,2000
中大长江紫都紫兰苑,114.291995,30.520543,16666,2015
玉兰苑北区,114.362274,30.520154,16296,2002
伟业佳苑,114.31834,30.519937,23529,2006
金地澜菲溪岸J6地块,114.217703,30.519683,17843,2013
金地澜菲溪岸J8地块,114.217703,30.519683,18556,2016
金地澜菲溪岸J5地块,114.217703,30.519683,16239,2015
中大长江紫都紫薇苑,114.293515,30.519187,16141,2006
武泰闸城市花园小区,114.30363,30.518037,18750,2000
武泰闸城市花园小区,114.30363,30.518037,14351,2000
武泰闸城市花园小区,114.30363,30.518037,18064,2011
江南庭园,114.333452,30.517529,21428,2010
春林庭苑,114.352558,30.517418,19784,2005
松涛苑(瑞安街),114.329303,30.517414,21363,2012
凯乐桂园,114.376586,30.516724,22808,2010
中大长江紫都紫桂苑,114.291199,30.516512,18750,2010
南湖新村(5-8栋),114.316409,30.516188,19230,1998
中大长江紫都紫境苑,114.291158,30.515963,20000,2016
中大长江紫都紫境苑,114.291158,30.515963,23529,2014
保利华都,114.38867,30.515922,23369,2012
保利华都,114.38867,30.515922,21625,2012
保利华都,114.38867,30.515922,25847,2009
水墨兰庭,114.173508,30.515233,14416,2011
水墨兰庭,114.173508,30.515233,16197,2010
狮城名居,114.357672,30.515075,18947,2006
南国SOHO,114.328147,30.514918,15789,2008
华乐苑,114.396961,30.514515,18124,2005
观澜高尔夫公馆,114.201614,30.514237,17021,2013
观澜高尔夫公馆,114.201614,30.514237,16071,2015
观澜高尔夫公馆,114.201614,30.514237,16810,2016
观澜高尔夫公馆,114.201614,30.514237,16875,2016
观澜高尔夫公馆,114.201614,30.514237,15689,2016
狮城翰园,114.355148,30.514017,23404,2010
狮城翰园,114.355148,30.514017,22400,2011
狮城翰园,114.355148,30.514017,20652,2006
狮城翰园,114.355148,30.514017,20425,2011
狮城翰园,114.355148,30.514017,22997,2010
狮城翰园,114.355148,30.514017,21875,2012
狮城翰园,114.355148,30.514017,23392,2010
保利公园九里(1-4期),114.313095,30.513996,20539,2013
保利公园九里(5期),114.313095,30.513996,19560,2011
保利公园九里(1-4期),114.313095,30.513996,21052,2017
保利公园九里(1-4期),114.313095,30.513996,20338,2017
保利公园九里(5期),114.313095,30.513996,19266,2017
保利公园九里(5期),114.313095,30.513996,19780,2000
保利公园九里(1-4期),114.313095,30.513996,21641,2000
保利公园九里(5期),114.313095,30.513996,20000,2010
保利公园九里(1-4期),114.313095,30.513996,19767,2014
保利公园九里(1-4期),114.313095,30.513996,19670,2014
保利公园九里(1-4期),114.313095,30.513996,19780,2017
桂子花园一期,114.369569,30.513981,15454,2013
郁馨花园,114.302996,30.513689,12000,2010
郁馨花园,114.302996,30.513689,15706,2005
碧桂园泰富城,114.21125,30.513653,20175,2015
人信奥林花园,114.18903,30.513577,14925,2006
人信奥林花园,114.18903,30.513577,14344,2006
人信奥林花园,114.18903,30.513577,19250,2008
华城花园,114.426543,30.51344,22777,2002
华城花园,114.426543,30.51344,18717,2001
中建福地星城,114.35204,30.513208,25568,2016
中建福地星城,114.35204,30.513208,24418,2016
广电兰亭时代,114.223179,30.513204,18588,2015
广电兰亭时代,114.223179,30.513204,18636,2014
广电兰亭时代,114.223179,30.513204,18646,2014
广电兰亭时代,114.223179,30.513204,16966,2016
广电兰亭时代,114.223179,30.513204,17931,2013
广电兰亭时代,114.223179,30.513204,17922,2015
七星雪香花园,114.3249,30.513201,23000,2010
翡翠城,114.375645,30.513185,20609,2007
翡翠城,114.375645,30.513185,20757,2007
经开万达SOHO公寓,114.182799,30.512859,7804,2011
洪山检察院宿舍,114.422682,30.512706,25000,2012
南湖景苑,114.360664,30.512309,22243,2008
南湖景苑,114.360664,30.512309,22262,2002
学雅芳邻,114.373502,30.512293,17222,2005
狮城风华新都,114.356572,30.51186,20925,2006
狮城风华新都,114.356572,30.51186,20149,2007
保利浅水湾,114.369033,30.51178,19101,2008
保利浅水湾,114.369033,30.51178,17415,2009
保利浅水湾,114.369033,30.51178,19097,2006
列电小区,114.301167,30.511646,15864,2000
宝安璞园,114.332527,30.511393,22805,2009
宝安璞园,114.332527,30.511393,21944,2004
宝安璞园,114.332527,30.511393,22743,2009
世茂龙湾(一期),114.093327,30.511314,21470,2012
世茂龙湾(二期),114.093327,30.511314,14563,2014
世茂龙湾(三期),114.093327,30.511314,11724,2010
世茂龙湾(一期别墅),114.093327,30.511314,43750,2011
泰合百花公园,114.167636,30.511252,13414,2002
葛洲坝世纪花园一期,114.459715,30.511176,21931,2012
葛洲坝世纪花园一期,114.459715,30.511176,16056,2013
葛洲坝世纪花园一期,114.459715,30.511176,16056,2006
葛洲坝世纪花园一期,114.459715,30.511176,15944,2010
葛洲坝世纪花园一期,114.459715,30.511176,15845,2013
新世纪宝安花园,114.321962,30.510875,22963,2002
新世纪宝安花园,114.321962,30.510875,23076,2006
新世纪宝安花园,114.321962,30.510875,20588,2005
新世纪宝安花园,114.321962,30.510875,21140,2005
新世纪宝安花园,114.321962,30.510875,20800,2006
新世纪宝安花园,114.321962,30.510875,22826,2010
新世纪宝安花园,114.321962,30.510875,20805,2008
新域柠檬特区,114.401133,30.510812,21604,2008
双塘小区,114.401878,30.510679,21202,1998
宝安花园,114.322851,30.510381,23387,2000
宝安花园,114.322851,30.510381,24313,2002
宝安花园,114.322851,30.510381,21093,2000
宝安花园,114.322851,30.510381,22608,2000
宝安花园,114.322851,30.510381,22093,2001
东方花园A区,114.317323,30.510346,13235,2010
名都花园,114.37497,30.510295,20547,2012
名都花园,114.37497,30.510295,21296,2008
名都花园,114.37497,30.510295,20689,2005
西岸百合春天,114.057949,30.510276,8000,2010
南益巴黎豪庭,114.435223,30.509731,24210,2006
南益巴黎豪庭,114.435223,30.509731,25257,2010
南益巴黎豪庭,114.435223,30.509731,24285,2010
南益巴黎豪庭,114.435223,30.509731,23684,2010
南益巴黎豪庭,114.435223,30.509731,23308,2009
南益巴黎豪庭,114.435223,30.509731,24216,2007
恒大华府,114.452023,30.509192,5625,2014
华锦花园,114.323521,30.509155,19218,2002
光谷8号,114.429197,30.508805,25041,2015
光谷8号,114.429197,30.508805,22396,2015
光谷满庭春MOMΛ,114.429197,30.508805,17533,2015
光谷青年汇,114.429197,30.508805,14444,2018
光谷青年汇,114.429197,30.508805,14644,2018
光谷青年汇,114.429197,30.508805,15000,2017
光谷8号,114.429197,30.508805,25263,2015
光谷满庭春MOMΛ,114.429197,30.508805,16057,2016
光谷青年汇,114.429197,30.508805,14705,2018
光谷青年汇,114.429197,30.508805,14324,2018
光谷青年汇,114.429197,30.508805,15526,2017
光谷青年汇,114.429197,30.508805,13108,2016
光谷满庭春MOMΛ,114.429197,30.508805,18181,2017
光谷青年汇,114.429197,30.508805,15098,2016
光谷青年汇,114.429197,30.508805,15277,2017
中建南湖壹号,114.356334,30.508633,21744,2016
中建南湖壹号,114.356334,30.508633,22788,2017
中建南湖壹号,114.356334,30.508633,23622,2016
关东康居园,114.442785,30.508565,16417,2000
鹿鸣苑,114.37307,30.508514,20526,2013
绿汀雅境,114.378439,30.508458,19672,2008
绿汀雅境,114.378439,30.508458,19752,2007
绿汀雅境,114.378439,30.508458,19780,2008
九峰新区,114.491116,30.508228,6829,2017
九峰新区,114.491116,30.508228,6911,2015
水域天际,114.329369,30.508216,23965,2012
水域天际,114.329369,30.508216,23786,2013
水域天际,114.329369,30.508216,25308,2013
水域天际,114.329369,30.508216,25000,2007
水域天际,114.329369,30.508216,27083,2007
水域天际,114.329369,30.508216,26585,2013
丽岛紫园,114.350098,30.507851,23282,2004
丽岛紫园,114.350098,30.507851,22900,2006
丽岛花园,114.353613,30.507776,22476,2005
丽岛花园,114.353613,30.507776,23501,2006
丽岛花园,114.353613,30.507776,21851,2008
新世界恒大华府,114.448921,30.507503,25603,2013
新世界恒大华府,114.448921,30.507503,25547,2014
新世界恒大华府,114.448921,30.507503,23832,2014
维佳武昌府二期,114.332758,30.507498,24691,2014
维佳武昌府二期,114.332758,30.507498,22825,2014
维佳武昌府二期,114.332758,30.507498,23103,2013
九峰三星苑,114.487666,30.506597,6666,2015
九峰三星苑,114.487666,30.506597,6470,2018
爱佳七九八香澜水岸,114.157227,30.506511,15420,2016
SBI创业街,114.420915,30.506506,15897,2010
SBI创业街,114.420915,30.506506,17441,2005
金梭花园,114.428186,30.506345,17676,2002
城投瀚城,114.375586,30.506279,23595,2008
城投瀚城,114.375586,30.506279,21764,2013
城投瀚城,114.375586,30.506279,20555,2012
南湖名都A区,114.330639,30.506197,20194,2012
南湖名都A区,114.330639,30.506197,21929,2012
南湖名都A区,114.330639,30.506197,21063,2012
南湖名都A区,114.330639,30.506197,21354,2008
南湖名都A区,114.330639,30.506197,23800,2013
南湖名都A区,114.330639,30.506197,19685,2010
华城新都,114.400672,30.506049,20631,2004
南湖名都B区,114.326035,30.506035,21195,2013
南湖名都B区,114.326035,30.506035,20227,2012
南湖名都B区,114.326035,30.506035,23313,2013
南湖名都B区,114.326035,30.506035,23529,2010
南湖名都B区,114.326035,30.506035,23921,2013
南湖名都B区,114.326035,30.506035,24000,2012
南湖名都B区,114.326035,30.506035,23842,2013
南湖名都B区,114.326035,30.506035,23137,2013
南湖名都B区,114.326035,30.506035,23856,2012
康居苑,114.394643,30.505984,10204,2010
金地格林小城美茵区,114.342389,30.505869,24836,2012
金地格林小城美茵区,114.342389,30.505869,31196,2007
阳光上城,114.316529,30.505748,21794,2017
阳光上城,114.316529,30.505748,21683,2014
关西小区,114.393056,30.505686,16875,2002
关西小区,114.393056,30.505686,17661,2005
健龙尚谷杰座二期,114.405301,30.505673,20877,2008
健龙尚谷杰座二期,114.405301,30.505673,24000,2012
蓝光COCO时代,114.457515,30.505589,18390,2015
蓝光COCO时代,114.457515,30.505589,18571,2017
蓝光COCO时代,114.457515,30.505589,19641,2016
保利拉菲,114.378001,30.50541,35643,2014
保利拉菲,114.378001,30.50541,19662,2014
保利拉菲,114.378001,30.50541,23333,2013
保利拉菲,114.378001,30.50541,22082,2013
保利拉菲,114.378001,30.50541,21917,2014
保利拉菲,114.378001,30.50541,20714,2013
保利拉菲,114.378001,30.50541,20945,2012
保利拉菲,114.378001,30.50541,21600,2013
保利拉菲,114.378001,30.50541,21621,2013
保利拉菲,114.378001,30.50541,21917,2013
保利拉菲,114.378001,30.50541,22328,2012
万科嘉园光谷的光,114.451222,30.504967,22580,2015
万科嘉园光谷的光,114.451222,30.504967,20235,2015
东原晴天见,114.313693,30.504389,18735,2017
东原晴天见,114.313693,30.504389,17391,2016
东原晴天见,114.313693,30.504389,16754,2016
东原晴天见,114.313693,30.504389,18390,2017
东原晴天见,114.313693,30.504389,20713,2014
东原晴天见,114.313693,30.504389,18604,2015
招商雍华府,114.328501,30.504383,23454,2010
南国花郡,114.319865,30.504124,23189,2000
保利茉莉公馆,114.424763,30.504089,23661,2015
保利茉莉公馆,114.424763,30.504089,23333,2015
保利茉莉公馆,114.424763,30.504089,23860,2016
金地中心城西区,114.398553,30.50405,20454,2010
金地中心城西区,114.398553,30.50405,21108,2010
金地中心城西区,114.398553,30.50405,21363,2012
金地中心城西区,114.398553,30.50405,22227,2014
金地中心城西区,114.398553,30.50405,20301,2011
南湖半岛,114.370043,30.503852,20172,2013
南湖半岛,114.370043,30.503852,19600,2012
南湖半岛,114.370043,30.503852,21165,2013
保利花园(东区),114.417651,30.503807,23550,2012
保利花园(东区),114.417651,30.503807,20420,2005
保利花园(东区),114.417651,30.503807,20100,2005
保利花园(东区),114.417651,30.503807,18908,2006
保利花园(东区),114.417651,30.503807,21462,2014
金地格林小城梦茵区,114.336402,30.503687,22000,2013
金地格林小城梦茵区,114.336402,30.503687,22307,2013
金地格林小城梦茵区,114.336402,30.503687,23068,2015
金地格林小城梦茵区,114.336402,30.503687,24431,2012
金地格林小城梦茵区,114.336402,30.503687,24090,2011
金地格林小城梦茵区,114.336402,30.503687,24050,2007
东风阳光城(四期),114.161057,30.503674,14606,2014
东风阳光城3期,114.161057,30.503674,14018,2010
健龙果岭公元,114.175949,30.503563,11000,2017
采荷居,114.326082,30.503348,16021,2000
采荷居,114.326082,30.503348,16014,2000
金地格林小城莱茵区,114.335327,30.503072,23096,2008
金地格林小城莱茵区,114.335327,30.503072,24000,2008
金地格林小城莱茵区,114.335327,30.503072,24125,2010
金地格林小城莱茵区,114.335327,30.503072,24193,2009
金地格林小城莱茵区,114.335327,30.503072,24400,2009
金地格林小城莱茵区,114.335327,30.503072,24662,2008
金地格林小城莱茵区,114.335327,30.503072,23314,2007
金地格林小城莱茵区,114.335327,30.503072,26400,2008
驿山高尔夫,114.514234,30.503035,33783,2015
洪福添美城市广场,114.405438,30.502952,20000,2006
金地雄楚一号,114.396694,30.502511,23296,2010
金地雄楚一号,114.396694,30.502511,22116,2015
金地雄楚一号,114.396694,30.502511,23082,2015
金地雄楚一号,114.396694,30.502511,22727,2014
金地雄楚一号(商住楼),114.396694,30.502511,21978,2015
北大资源山水年华,114.545635,30.50208,19291,2017
北大资源山水年华,114.545635,30.50208,18897,2017
北大资源山水年华,114.545635,30.50208,17045,2014
北大资源山水年华,114.545635,30.50208,18461,2017
北大资源山水年华,114.545635,30.50208,18181,2017
北大资源山水年华,114.545635,30.50208,17346,2018
北大资源山水年华,114.545635,30.50208,20078,2017
北大资源山水年华,114.545635,30.50208,25572,2016
北大资源山水年华,114.545635,30.50208,17191,2016
北大资源山水年华,114.545635,30.50208,20472,2017
金地中心城东区,114.400268,30.501889,21983,2010
美好愿景香榭丽舍,114.164166,30.501757,14000,2005
美好愿景香榭丽舍,114.164166,30.501757,14242,2002
紫菘枫林上城,114.406859,30.501624,19817,2011
紫菘枫林上城,114.406859,30.501624,17307,2008
保利新武昌,114.303708,30.501493,14000,2018
阳光在线南区,114.410676,30.501193,21892,2013
紫菘逸景华庭,114.419776,30.500823,21835,2010
紫菘逸景华庭,114.419776,30.500823,22784,2012
保利中央公馆(G17-G22栋),114.328432,30.500694,33655,2009
保利中央公馆(G1-G16栋),114.328432,30.500694,24455,2010
保利中央公馆(G1-G16栋),114.328432,30.500694,21276,2010
保利中央公馆(G1-G16栋),114.328432,30.500694,22926,2015
保利中央公馆(G1-G16栋),114.328432,30.500694,23684,2015
保利中央公馆(G1-G16栋),114.328432,30.500694,23888,2015
保利中央公馆(G17-G22栋),114.328432,30.500694,22105,2015
保利中央公馆(G1-G16栋),114.328432,30.500694,21894,2015
保利中央公馆(G17-G22栋),114.328432,30.500694,22553,2013
大华南湖公园世家东区,114.333623,30.500543,25274,2013
大华南湖公园世家中区,114.333623,30.500543,22995,2009
大华南湖公园世家东区,114.333623,30.500543,22995,2014
大华南湖公园世家中区,114.333623,30.500543,20879,2012
大华南湖公园世家西区,114.333623,30.500543,25161,2012
大华南湖公园世家西区,114.333623,30.500543,21052,2010
大华南湖公园世家东区,114.333623,30.500543,24705,2009
长航蓝晶国际B区,114.423541,30.500543,25363,2012
大华南湖公园世家中区,114.333623,30.500543,22075,2010
大华南湖公园世家中区,114.333623,30.500543,20408,2005
大华南湖公园世家东区,114.333623,30.500543,22590,2012
大华南湖公园世家中区,114.333623,30.500543,22222,2015
大华南湖公园世家中区,114.333623,30.500543,24307,2012
长航蓝晶国际B区,114.423541,30.500543,25218,2008
大华南湖公园世家西区,114.333623,30.500543,20918,2008
大华南湖公园世家中区,114.333623,30.500543,26293,2015
大华南湖公园世家中区,114.333623,30.500543,24230,2009
大华南湖公园世家东区,114.333623,30.500543,24090,2007
大华南湖公园世家西区,114.333623,30.500543,24166,2013
大华南湖公园世家中区,114.333623,30.500543,22826,2010
大华南湖公园世家西区,114.333623,30.500543,23684,2013
大华南湖公园世家西区,114.333623,30.500543,34965,2012
大华南湖公园世家中区,114.333623,30.500543,21938,2006
大华南湖公园世家中区,114.333623,30.500543,22981,2009
大华南湖公园世家中区,114.333623,30.500543,23125,2008
大华南湖公园世家西区,114.333623,30.500543,23636,2013
大华南湖公园世家西区,114.333623,30.500543,25161,2013
宁康园,114.1771,30.500487,20555,2014
宁康园,114.1771,30.500487,20747,2010
惠安新苑,114.39995,30.500442,16853,2006
松海苑,114.16368,30.500161,12777,2006
金地天悦,114.397347,30.499622,22137,2016
金地天悦,114.397347,30.499622,21978,2015
金地天悦,114.397347,30.499622,21460,2017
金地天悦,114.397347,30.499622,21690,2017
金地天悦,114.397347,30.499622,20769,2017
军威苑小区,114.318765,30.499402,17993,2012
军威苑小区,114.318765,30.499402,16091,2011
军威苑小区,114.318765,30.499402,16829,2011
军威苑小区,114.318765,30.499402,17164,2010
保利蓝海郡,114.379843,30.499314,23152,2014
保利蓝海郡,114.379843,30.499314,21786,2013
明泽半岛尊邸,114.347931,30.499189,19433,2004
光谷陆景苑,114.430513,30.498956,15230,2008
光谷陆景苑,114.430513,30.498956,15390,2004
金荷花园B区,114.162212,30.498942,11969,2000
光谷新世界,114.422447,30.498847,29032,2014
光谷新世界,114.422447,30.498847,26063,2014
光谷新世界,114.422447,30.498847,31083,2014
光谷新世界,114.422447,30.498847,26189,2014
光谷新世界,114.422447,30.498847,29611,2014
联投半岛一品,114.145014,30.498684,14705,2014
联投半岛一品,114.145014,30.498684,14000,2014
国采光立方,114.517029,30.498683,19481,2017
柒零社区,114.399317,30.498567,19047,2006
柒零社区,114.399317,30.498567,17209,2008
柒零社区,114.399317,30.498567,18604,2011
中建光谷之星,114.522959,30.49844,21200,2018
丽岛漫城,114.426533,30.498439,24193,2010
丽岛漫城,114.426533,30.498439,25669,2007
丽岛漫城,114.426533,30.498439,25703,2011
丽岛漫城,114.426533,30.498439,25000,2010
南湖山庄半岛花园,114.35431,30.498037,18043,2003
金荷花园C区,114.161956,30.498022,1222,2002
左岭新城二社区,114.629808,30.497679,8392,2016
左岭新城二社区,114.629808,30.497679,6857,2012
复地悦城(东区),114.297992,30.496716,17732,2016
复地悦城(东区),114.297992,30.496716,16436,2016
复地悦城(东区),114.297992,30.496716,16410,2016
复地悦城(东区),114.297992,30.496716,17972,2016
复地悦城(东区),114.297992,30.496716,19117,2017
复地悦城(东区),114.297992,30.496716,17567,2016
金地太阳城,114.421231,30.496628,20542,2005
明泽丽湾,114.346815,30.496242,16000,2012
左岭新城一社区,114.632828,30.496177,7000,2018
左岭新城一社区C区,114.632828,30.496177,6521,2018
左岭新城一社区,114.632828,30.496177,7368,2016
左岭新城一社区,114.632828,30.496177,8297,2014
左岭新城一社区,114.632828,30.496177,5000,2012
逸景南湾,114.351847,30.496067,18374,2011
逸景南湾,114.351847,30.496067,18333,2012
逸景南湾,114.351847,30.496067,17843,2011
逸景南湾,114.351847,30.496067,17254,2012
逸景南湾,114.351847,30.496067,18573,2012
左岭新城四社区,114.620919,30.495795,6532,2015
左岭新城三社区,114.62519,30.495762,6941,2018
金地圣爱米伦,114.321266,30.495427,32467,2014
金地圣爱米伦,114.321266,30.495427,25617,2012
金地圣爱米伦,114.321266,30.495427,23664,2014
金地圣爱米伦,114.321266,30.495427,22962,2014
金地圣爱米伦,114.321266,30.495427,23571,2014
金地圣爱米伦,114.321266,30.495427,32614,2013
金地圣爱米伦,114.321266,30.495427,30075,2012
葛光社区,114.430539,30.495019,17229,2011
珞珈雅苑,114.342035,30.494625,20888,2014
珞珈雅苑,114.342035,30.494625,22000,2014
珞珈雅苑,114.342035,30.494625,21123,2015
宇峰家园,114.429719,30.494419,18309,2005
宇峰家园,114.429719,30.494419,12814,2004
青润家园,114.289466,30.494059,14462,2010
青润家园,114.289466,30.494059,16155,2010
泰然南湖玫瑰湾一期紫玫苑,114.351263,30.493352,21238,2010
泰然南湖玫瑰湾一期紫玫苑,114.351263,30.493352,21142,2010
泰然南湖玫瑰湾一期紫玫苑,114.351263,30.493352,22500,2000
泰然南湖玫瑰湾一期紫玫苑,114.351263,30.493352,24590,2012
统建天成美雅,114.443626,30.492715,23595,2015
统建天成美雅,114.443626,30.492715,21705,2015
泰然南湖玫瑰湾二期红玫苑,114.351117,30.492211,20000,2014
泰然南湖玫瑰湾三期蓝玫苑,114.351117,30.492211,30049,2013
泰然南湖玫瑰湾三期蓝玫苑,114.351117,30.492211,18035,2013
泰然南湖玫瑰湾二期红玫苑,114.351117,30.492211,28929,2010
泰然南湖玫瑰湾三期蓝玫苑,114.351117,30.492211,19047,2013
泰然南湖玫瑰湾二期红玫苑,114.351117,30.492211,19280,2013
泰然南湖玫瑰湾三期蓝玫苑,114.351117,30.492211,31413,2012
国创光谷上城,114.454196,30.492189,20258,2016
国创光谷上城,114.454196,30.492189,19396,2016
国创光谷上城,114.454196,30.492189,19655,2017
国创光谷上城,114.454196,30.492189,19333,2013
金地格林东郡,114.411843,30.491674,25217,2016
金地格林东郡,114.411843,30.491674,22451,2015
金地格林东郡,114.411843,30.491674,20370,2016
华大家园,114.340493,30.491278,16666,2010
滨湖社区,114.153661,30.490989,11195,2005
鑫宇花园,114.289113,30.490711,15750,2011
鑫宇花园,114.289113,30.490711,14814,2010
鑫宇花园,114.289113,30.490711,16000,2010
鑫宇花园,114.289113,30.490711,16049,2009
金地西岸故事,114.343906,30.49057,19565,2012
金地西岸故事,114.343906,30.49057,17013,2012
金地西岸故事,114.343906,30.49057,20000,2014
金地西岸故事,114.343906,30.49057,20000,2011
统建天成美景,114.442994,30.490256,19642,2015
万科金色城市13地块,114.269064,30.490077,17340,2014
万科金色城市13地块,114.269064,30.490077,15517,2013
波光霞影B区,114.297319,30.489943,9176,2008
富强万象新城,114.302315,30.489606,16477,2014
富强万象新城,114.302315,30.489606,14545,2011
富强万象新城,114.302315,30.489606,16477,2013
东合官湖郡,114.149394,30.488878,13970,2013
东合官湖郡,114.149394,30.488878,13787,2013
揽胜公园,114.352087,30.488591,20800,2018
揽胜公园,114.352087,30.488591,17333,2017
揽胜公园,114.352087,30.488591,20634,2018
揽胜公园,114.352087,30.488591,18181,2017
揽胜公园,114.352087,30.488591,19540,2017
揽胜公园,114.352087,30.488591,22812,2017
万科金色城市18地块,114.267225,30.488528,17283,2013
万科金色城市18地块,114.267225,30.488528,16455,2012
万科金色城市17地块,114.267225,30.488528,16202,2014
万科金色城市18地块,114.267225,30.488528,16455,2014
万科金色城市18地块,114.267225,30.488528,15569,2014
万科金色城市18地块,114.267225,30.488528,16666,2014
万科金色城市18地块,114.267225,30.488528,15949,2015
万科金色城市20地块,114.265333,30.488098,17021,2015
万科金色城市20地块,114.265333,30.488098,17741,2014
万科金色城市23地块,114.266403,30.487277,18279,2014
万科金色城市23地块,114.266403,30.487277,17532,2015
万科金色城市23地块,114.266403,30.487277,16145,2014
万科金色城市23地块,114.266403,30.487277,16666,2014
澜花语岸,114.34915,30.487113,13721,2013
澜花语岸,114.34915,30.487113,17357,2008
澜花语岸,114.34915,30.487113,17357,2007
澜花语岸,114.34915,30.487113,17357,2006
融科天域,114.419058,30.486434,22727,2016
融科天域,114.419058,30.486434,21818,2016
融科天域,114.419058,30.486434,24074,2016
融科天域,114.419058,30.486434,25769,2017
融科天域,114.419058,30.486434,23611,2017
水岸毕家索,114.140372,30.486353,8800,2010
佳兆业金域天下二期,114.298315,30.48612,18974,2015
佳兆业金域天下,114.298315,30.48612,17129,2016
佳兆业金域天下二期,114.298315,30.48612,17307,2015
佳兆业金域天下二期,114.298315,30.48612,17592,2016
佳兆业金域天下二期,114.298315,30.48612,18539,2016
佳兆业金域天下,114.298315,30.48612,18131,2015
佳兆业金域天下,114.298315,30.48612,20202,2015
佳兆业金域天下,114.298315,30.48612,18681,2015
朗诗里程,114.524718,30.485417,19519,2014
朗诗里程,114.524718,30.485417,17196,2016
朗诗里程,114.524718,30.485417,19236,2014
朗诗里程,114.524718,30.485417,19101,2016
芷岸龙庭,114.338647,30.484823,17971,2014
芷岸龙庭,114.338647,30.484823,17032,2014
金谷明珠园东区,114.451901,30.484691,15343,2003
金谷明珠园西区,114.451901,30.484691,12668,2002
保利心语六期(别墅),114.329885,30.484676,24776,2013
保利心语四区,114.33392,30.484485,21558,2011
保利心语四区,114.33392,30.484485,20729,2013
保利心语四区,114.33392,30.484485,21170,2012
桃花源北区,114.542748,30.484203,17264,2013
听涛观海,114.130689,30.484068,10775,2012
听涛观海,114.130689,30.484068,11458,2008
谷方小区,114.440786,30.483775,13281,2007
万科金色城市K3地块,114.272917,30.483693,17235,2015
万科金色城市K3地块,114.272917,30.483693,16071,2015
万科金色城市K3地块,114.272917,30.483693,15949,2017
万科金色城市K3地块,114.272917,30.483693,15949,2013
万科金色城市K3地块,114.272917,30.483693,15189,2016
万科金色城市K3地块,114.272917,30.483693,17117,2015
万科金色城市K3地块,114.272917,30.483693,17235,2016
万科金色城市K3地块,114.272917,30.483693,16869,2015
保利心语二期,114.333261,30.483181,21549,2007
保利心语二期,114.333261,30.483181,19540,2010
云顶居,114.402969,30.482922,16783,2005
世茂云锦,114.287522,30.482732,15789,2016
世茂云锦,114.287522,30.482732,15436,2018
世茂云锦,114.287522,30.482732,16346,2017
世茂云锦,114.287522,30.482732,15625,2016
世茂云锦,114.287522,30.482732,15625,2017
世茂云锦,114.287522,30.482732,14977,2014
汉口新城公园世家,114.389004,30.482353,17123,2016
汉口新城公园世家,114.389004,30.482353,18888,2014
湘龙鑫城,114.274023,30.482069,13095,2016
清江山水,114.407796,30.481999,21610,2016
清江山水,114.407796,30.481999,21794,2012
清江山水,114.407796,30.481999,19750,2012
清江山水,114.407796,30.481999,21772,2013
清江山水,114.407796,30.481999,22727,2016
清江山水,114.407796,30.481999,25218,2013
清江山水,114.407796,30.481999,21176,2015
清江山水,114.407796,30.481999,21975,2015
清江山水,114.407796,30.481999,22275,2010
光谷坐标城,114.421762,30.481973,24036,2016
光谷坐标城,114.421762,30.481973,22826,2013
光谷坐标城,114.421762,30.481973,22442,2005
光谷坐标城,114.421762,30.481973,22826,2009
光谷坐标城,114.421762,30.481973,23333,2007
光谷坐标城,114.421762,30.481973,24740,2014
光谷坐标城,114.421762,30.481973,22608,2010
光谷坐标城,114.421762,30.481973,20843,2010
光谷坐标城,114.421762,30.481973,20707,2010
华润紫云府一期,114.285594,30.481708,16239,2016
华润紫云府一期,114.285594,30.481708,15469,2015
华润紫云府一期,114.285594,30.481708,18282,2015
佳源花都,114.451512,30.480767,15596,2008
佳源花都,114.451512,30.480767,14678,2011
佳源花都,114.451512,30.480767,18195,2008
佳源花都,114.451512,30.480767,15369,2005
佳源花都,114.451512,30.480767,15428,2008
佳源花都,114.451512,30.480767,16142,2012
佳源花都,114.451512,30.480767,20784,2012
佳源花都,114.451512,30.480767,14772,2005
保利心语七期,114.332318,30.480489,21524,2013
保利心语七期,114.332318,30.480489,18684,2013
保利心语七期,114.332318,30.480489,21764,2014
顺民宜盛花园,114.444476,30.480034,17297,2016
东林外庐,114.402006,30.479952,16652,2005
东林外庐,114.402006,30.479952,14358,2005
蓝域拿铁公寓,114.413132,30.479016,23598,2005
万科城花璟苑,114.421235,30.478136,24629,2015
万科城花璟苑,114.421235,30.478136,23118,2015
万科城花璟苑,114.421235,30.478136,22666,2014
城开青菱城市花园2期,114.284667,30.478099,17555,2008
城开青菱城市花园2期,114.284667,30.478099,15695,2010
城开青菱城市花园2期,114.284667,30.478099,15840,2010
城开青菱城市花园2期,114.284667,30.478099,15723,2011
城开青菱城市花园1期,114.284667,30.478099,15528,2015
保利心语一期,114.332093,30.478079,22909,2008
光谷理想城,114.423579,30.476585,13529,2010
中建康城东区,114.416879,30.47654,20000,2010
中建康城东区,114.416879,30.47654,21379,2010
毛坦港湾,114.301375,30.47654,9240,2017
关南小区,114.415836,30.476137,18382,2004
关南小区,114.415836,30.476137,13641,2010
津发小区,114.387945,30.475752,18924,2009
保利心语九区,114.323222,30.475324,18476,2013
保利心语三期,114.333436,30.475035,20941,2013
海天幸福天地,114.141858,30.474597,10555,2016
光谷自由城,114.386413,30.474256,18522,2014
光谷自由城,114.386413,30.474256,16632,2015
绿地国际理想城,114.496378,30.474166,18750,2018
绿地国际理想城,114.496378,30.474166,18014,2017
锦绣龙城A区,114.394016,30.472281,16095,2013
东风凤凰城,114.100214,30.472272,8852,2015
锦绣龙城I区,114.392507,30.472177,17816,2009
锦绣龙城I区,114.392507,30.472177,17948,2009
锦绣龙城I区,114.392507,30.472177,15200,2009
锦绣龙城I区,114.392507,30.472177,15697,2009
锦绣龙城I区,114.392507,30.472177,17058,2009
锦绣龙城I区,114.392507,30.472177,15058,2016
锦绣龙城I区,114.392507,30.472177,15263,2013
锦绣龙城I区,114.392507,30.472177,16091,2014
锦绣龙城I区,114.392507,30.472177,14976,2016
锦绣龙城I区,114.392507,30.472177,15333,2014
锦绣龙城I区,114.392507,30.472177,16853,2013
锦绣龙城I区,114.392507,30.472177,16823,2009
锦绣良缘,114.37755,30.471895,12898,2002
锦绣龙城H区,114.392236,30.47132,16250,2014
锦绣龙城H区,114.392236,30.47132,18153,2011
锦绣龙城H区,114.392236,30.47132,17500,2014
锦绣龙城H区,114.392236,30.47132,15945,2012
光谷地产梅花坞,114.386149,30.47111,16979,2015
光谷地产梅花坞,114.386149,30.47111,16938,2014
海天幸福小城,114.142906,30.470828,11578,2013
白金公馆,114.133077,30.470425,10000,2011
锦绣龙城E区,114.393842,30.469138,17555,2010
锦绣龙城E区,114.393842,30.469138,18888,2012
宝业光谷丽都,114.386646,30.468851,19411,2015
宝业光谷丽都,114.386646,30.468851,18202,2014
宝业光谷丽都,114.386646,30.468851,17869,2015
宝业光谷丽都,114.386646,30.468851,18703,2015
宝业光谷丽都,114.386646,30.468851,17058,2016
宝业光谷丽都,114.386646,30.468851,18421,2015
宝业光谷丽都,114.386646,30.468851,18518,2014
宝业光谷丽都,114.386646,30.468851,17021,2014
加州香山美树,114.404592,30.468585,17812,2013
加州香山美树,114.404592,30.468585,18333,2010
顶琇国际城青年家,114.420727,30.468414,21034,2016
顶琇国际城,114.420727,30.468414,21176,2017
顶琇国际城青年家,114.420727,30.468414,24242,2016
顶琇国际城青年家,114.420727,30.468414,18536,2016
顶琇国际城,114.420727,30.468414,21428,2016
顶琇国际城青年家,114.420727,30.468414,15889,2017
顶琇国际城青年家,114.420727,30.468414,16444,2016
顶琇国际城青年家,114.420727,30.468414,23404,2017
顶琇国际城青年家,114.420727,30.468414,19574,2016
顶琇国际城,114.420727,30.468414,20410,2017
当代国际花园,114.422856,30.466373,23961,2010
当代国际花园,114.422856,30.466373,23242,2011
丽岛美生,114.394346,30.464739,17894,2014
万科城市花园上东区,114.413278,30.464157,22619,2007
万科城市花园上东区,114.413278,30.464157,21443,2008
万科城市花园上东区,114.413278,30.464157,25757,2010
万科城市花园上西区,114.413278,30.464157,31000,2012
万科城市花园上东区,114.413278,30.464157,26515,2010
万科城市花园上西区,114.413278,30.464157,25396,2007
万科城市花园上东区,114.413278,30.464157,22463,2013
枫桦苇岸(一期),114.186459,30.464114,12155,2012
名湖豪庭,114.386501,30.464013,17647,2015
名湖豪庭,114.386501,30.464013,16964,2014
名湖豪庭,114.386501,30.464013,15566,2015
天祥尚府,114.379464,30.463422,19438,2016
天祥尚府,114.379464,30.463422,19485,2015
天祥尚府,114.379464,30.463422,19485,2016
天祥尚府,114.379464,30.463422,17741,2014
天祥尚府,114.379464,30.463422,20224,2016
天祥尚府,114.379464,30.463422,20000,2017
天祥尚府,114.379464,30.463422,20675,2015
安普顿小镇,114.38461,30.463329,19764,2015
安普顿小镇,114.38461,30.463329,18333,2015
安普顿小镇,114.38461,30.463329,19186,2014
安普顿小镇,114.38461,30.463329,17826,2015
佛奥俊贤雅居,114.436925,30.461309,21428,2014
佛奥俊贤雅居,114.436925,30.461309,21717,2012
佛奥俊贤雅居,114.436925,30.461309,21212,2013
楚天都市沁园,114.296715,30.461049,14838,2016
楚天都市沁园,114.296715,30.461049,14957,2016
楚天都市沁园,114.296715,30.461049,19384,2017
楚天都市沁园,114.296715,30.461049,16962,2016
现代森林小镇,114.424808,30.460162,21808,2010
中国铁建梧桐苑,114.391685,30.45999,17741,2015
中国铁建梧桐苑,114.391685,30.45999,19680,2017
中冶南方韵湖首府,114.38878,30.459947,18333,2016
中冶南方韵湖首府,114.38878,30.459947,19366,2015
东原湖光里,114.304504,30.459336,14077,2017
东原湖光里,114.304504,30.459336,16119,2016
东原湖光里,114.304504,30.459336,15769,2016
东原湖光里,114.304504,30.459336,13080,2014
东原湖光里,114.304504,30.459336,16867,2015
东原湖光里,114.304504,30.459336,14812,2016
万科红郡,114.42114,30.458512,23698,2013
万科红郡,114.42114,30.458512,23287,2012
万科红郡,114.42114,30.458512,25068,2013
万科红郡,114.42114,30.458512,24383,2013
万科红郡,114.42114,30.458512,27737,2013
旭辉御府,114.453483,30.457455,16363,2015
旭辉御府,114.453483,30.457455,16923,2016
旭辉御府,114.453483,30.457455,17056,2016
旭辉御府,114.453483,30.457455,17515,2015
旭辉御府,114.453483,30.457455,17045,2016
旭辉御府,114.453483,30.457455,18181,2016
旭辉御府,114.453483,30.457455,17737,2016
星月花园,114.025466,30.456893,6901,2009
世茂林屿岸,114.325351,30.456255,16360,2013
世茂林屿岸,114.325351,30.456255,15850,2015
世茂林屿岸,114.325351,30.456255,16595,2015
大邱社区,114.461396,30.45545,7500,2004
谷尚居,114.440166,30.454524,20370,2009
谷尚居,114.440166,30.454524,15416,2010
融科花满庭,114.267758,30.45368,16483,2015
融科花满庭,114.267758,30.45368,16263,2015
融科花满庭,114.267758,30.45368,16473,2015
万科魅力之城南区,114.445452,30.452167,19753,2010
万科魅力之城南区,114.445452,30.452167,19387,2010
万科魅力之城南区,114.445452,30.452167,20000,2010
万科魅力之城南区,114.445452,30.452167,19444,2013
南湖巴黎春天,114.326205,30.451996,16326,2016
南湖巴黎春天,114.326205,30.451996,16398,2015
南湖巴黎春天,114.326205,30.451996,14953,2016
万科魅力之城北区,114.445926,30.45086,22916,2011
万科魅力之城北区,114.445926,30.45086,22580,2009
万科魅力之城北区,114.445926,30.45086,23934,2009
菱湖美景,114.243547,30.448767,9745,2015
平安光谷春天,114.444607,30.447445,20000,2016
当代国际城,114.441966,30.447327,17875,2016
当代国际城,114.441966,30.447327,19915,2015
凤凰花园凡谷小区,114.432354,30.446827,13989,2009
凤凰花园凡谷小区,114.432354,30.446827,13258,2009
凤凰花园凡谷小区,114.432354,30.446827,14090,2008
凤凰新新家园,114.433822,30.446389,14500,2010
柏木岭小区,114.315068,30.443728,6440,2010
清风别墅商务中心公寓,114.392856,30.442889,10000,2005
清风别墅,114.392856,30.442889,8617,2008
新凯御景湾,114.40274,30.442325,14646,2010
新凯御景湾,114.40274,30.442325,14261,2011
凤凰花园三期,114.431024,30.441932,14233,2010
藏龙星天地,114.435466,30.441323,17368,2012
藏龙星天地,114.435466,30.441323,17500,2010
三和光谷道,114.431153,30.441022,19345,2015
惠风同庆花园蜜糖镇,114.443275,30.439364,15600,2016
福星惠誉东澜岸,114.272955,30.438432,13602,2014
福星惠誉东澜岸,114.272955,30.438432,15853,2014
福星惠誉东澜岸,114.272955,30.438432,15853,2012
福星惠誉东澜岸,114.272955,30.438432,14337,2014
福星惠誉东澜岸,114.272955,30.438432,13012,2015
福星惠誉东澜岸,114.272955,30.438432,15609,2014
天纵水晶郦都,114.446049,30.438021,16929,2013
天纵水晶郦都,114.446049,30.438021,20081,2013
天纵水晶郦都,114.446049,30.438021,15306,2015
联投龙湾(二期),114.325142,30.43329,14466,2013
联投龙湾(二期),114.325142,30.43329,14563,2015
联投龙湾(一期),114.325142,30.43329,13304,2015
联投龙湾(二期),114.325142,30.43329,14800,2015
联投龙湾(三期),114.325142,30.43329,13529,2017
联投龙湾(一期),114.325142,30.43329,13271,2012
联投龙湾(二期),114.325142,30.43329,14705,2012
联投龙湾(一期),114.325142,30.43329,15882,2015
联投龙湾(二期),114.325142,30.43329,14285,2015
联投龙湾(二期),114.325142,30.43329,15476,2015
联投龙湾(一期),114.325142,30.43329,14285,2012
联投龙湾(三期),114.325142,30.43329,14000,2016
联投龙湾(二期),114.325142,30.43329,14414,2015
联投龙湾(一期),114.325142,30.43329,14152,2012
联投龙湾(二期),114.325142,30.43329,14880,2014
联投龙湾(三期),114.325142,30.43329,12648,2015
联投龙湾(一期),114.325142,30.43329,14224,2012
当代卡梅尔小镇,114.447351,30.43283,17647,2015
当代卡梅尔小镇,114.447351,30.43283,17415,2015
当代卡梅尔小镇,114.447351,30.43283,17752,2013
藏龙水天居,114.412026,30.431969,12203,2006
澳门山庄精英社区,114.381113,30.430285,10740,2012
澳门山庄精英社区,114.381113,30.430285,11068,2009
银河湾,114.417146,30.429848,14023,2006
银河湾,114.417146,30.429848,10227,2010
银河湾,114.417146,30.429848,10441,2007
银河湾,114.417146,30.429848,15068,2010
银河湾,114.417146,30.429848,12871,2006
鸿发大厦A座,114.317319,30.424853,12000,2014
鸿发大厦A座,114.317319,30.424853,11800,2014
海天大厦,114.319016,30.424505,10000,2012
福地家园,114.314571,30.423552,11931,2013
福地家园,114.314571,30.423552,12650,2010
福地家园,114.314571,30.423552,11860,2015
福志友缘,114.329089,30.422047,15730,2012
福志友缘,114.329089,30.422047,16666,2015
楚夏花园懒公馆,114.315309,30.421946,12840,2016
菩提苑,114.329291,30.421206,15882,2015
菩提苑,114.329291,30.421206,15882,2014
菩提苑,114.329291,30.421206,15697,2012
菩提苑,114.329291,30.421206,16220,2015
海伦小镇,114.173162,30.419544,9146,2015
梅南山居,114.376988,30.419175,11016,2006
梅南山居,114.376988,30.419175,11818,2011
大花岭小区,114.319531,30.418265,7236,2014
汤逊湖山庄,114.387763,30.417221,12470,2008
汤逊湖山庄,114.387763,30.417221,12545,2009
汤逊湖山庄,114.387763,30.417221,12096,2010
汤逊湖山庄,114.387763,30.417221,12586,2008
泰驰伊顿阳光,114.374269,30.416383,13178,2012
泰驰伊顿阳光,114.374269,30.416383,12723,2012
泰驰伊顿阳光,114.374269,30.416383,13820,2010
泰驰伊顿阳光,114.374269,30.416383,13539,2012
中建汤逊湖壹号,114.34028,30.415491,14743,2015
中建汤逊湖壹号,114.34028,30.415491,15510,2012
中建汤逊湖壹号,114.34028,30.415491,14871,2015
中建汤逊湖壹号,114.34028,30.415491,14122,2016
中建汤逊湖壹号,114.34028,30.415491,13761,2014
中建汤逊湖壹号,114.34028,30.415491,13888,2016
江南新天地,114.32716,30.415433,14673,2016
江南新天地,114.32716,30.415433,14516,2015
江南新天地,114.32716,30.415433,14957,2017
保利海上五月花一期(公寓),114.384349,30.414511,14210,2012
保利海上五月花一期(公寓),114.384349,30.414511,15143,2013
保利海上五月花一期(公寓),114.384349,30.414511,15143,2010
保利海上五月花一期(公寓),114.384349,30.414511,13358,2014
保利海上五月花一期(公寓),114.384349,30.414511,14505,2012
保利海上五月花一期(公寓),114.384349,30.414511,14772,2012
保利海上五月花一期(公寓),114.384349,30.414511,12173,2012
保利海上五月花一期(公寓),114.384349,30.414511,15546,2013
保利海上五月花一期(公寓),114.384349,30.414511,11965,2013
保利海上五月花一期(公寓),114.384349,30.414511,14615,2012
保利海上五月花一期(公寓),114.384349,30.414511,14759,2012
保利海上五月花一期(公寓),114.384349,30.414511,17391,2014
保利海上五月花一期(公寓),114.384349,30.414511,14835,2014
保利海上五月花一期(公寓),114.384349,30.414511,14067,2014
保利海上五月花一期(公寓),114.384349,30.414511,15523,2013
保利海上五月花一期(公寓),114.384349,30.414511,16004,2013
保利海上五月花一期(公寓),114.384349,30.414511,14772,2014
保利海上五月花一期(公寓),114.384349,30.414511,15153,2014
保利海上五月花一期(公寓),114.384349,30.414511,14606,2014
南车花园,114.320978,30.414095,15000,2014
南车花园,114.320978,30.414095,13934,2014
南车花园,114.320978,30.414095,13435,2012
怡景江南,114.371853,30.413178,12888,2015
怡景江南,114.371853,30.413178,13409,2008
纳帕溪谷,114.413742,30.412603,26086,2010
岭南小区,114.316865,30.412187,7086,2014
俪湖天地,114.319922,30.411756,16625,2016
俪湖天地,114.319922,30.411756,14878,2012
俪湖天地,114.319922,30.411756,16176,2015
宜家汤臣,114.370476,30.411051,12063,2008
宜家汤臣,114.370476,30.411051,12995,2013
宜家汤臣,114.370476,30.411051,12643,2008
宜家汤臣,114.370476,30.411051,11904,2009
宜家汤臣,114.370476,30.411051,12844,2012
江汉路供销大楼,113.724501,30.409331,21680,2000
走马岭惠民新村还建小区,114.314042,30.408988,8139,2015
龙苑澜岸(别墅),114.42652,30.407892,13617,2015
龙苑澜岸,114.42652,30.407892,15573,2013
龙苑澜岸,114.42652,30.407892,15573,2015
新长江香榭湾,114.330584,30.407136,15864,2013
阳光100大湖第,114.417645,30.406512,11392,2016
阳光100大湖第,114.417645,30.406512,13739,2015
阳光100大湖第,114.417645,30.406512,14883,2015
阳光100大湖第,114.417645,30.406512,12000,2015
阳光100大湖第,114.417645,30.406512,14705,2015
阳光100大湖第,114.417645,30.406512,12173,2016
阳光100大湖第,114.417645,30.406512,11377,2013
阳光100大湖第,114.417645,30.406512,14117,2016
阳光100大湖第,114.417645,30.406512,15492,2016
阳光100大湖第,114.417645,30.406512,13739,2013
阳光100大湖第,114.417645,30.406512,16119,2015
阳光100大湖第,114.417645,30.406512,15588,2016
阳光100大湖第,114.417645,30.406512,12484,2016
阳光100大湖第,114.417645,30.406512,13380,2015
阳光100大湖第,114.417645,30.406512,15384,2013
阳光100大湖第,114.417645,30.406512,15798,2016
阳光100大湖第,114.417645,30.406512,15294,2013
庙山社区,114.37503,30.403491,6111,2017
瑞和华府,114.431652,30.398718,13972,2015
瑞和华府,114.431652,30.398718,14253,2012
瑞和华府,114.431652,30.398718,15142,2016
瑞和华府,114.431652,30.398718,13943,2015
瑞和华府,114.431652,30.398718,13802,2015
瑞和华府,114.431652,30.398718,15142,2015
美加湖滨新城,114.380822,30.397935,11956,2008
美加湖滨新城(别墅),114.380822,30.397935,13295,2011
清江泓景,114.328743,30.397744,15277,2014
江郡华府,114.330118,30.380886,14855,2010
富丽豪庭,114.343569,30.373727,12967,2007
新华联青年城,114.361344,30.37314,13541,2014
富丽杰座,114.330898,30.368948,12688,2011
香榭花都,114.339394,30.363711,7424,2014
香榭花都,114.339394,30.363711,7777,2012
香榭花都,114.339394,30.363711,9772,2012
香榭花都,114.339394,30.363711,8522,2015
碧桂园蜜柚,114.101074,30.361169,15918,2016
江夏中央公馆,114.336934,30.360108,13125,2012
鸿发世纪城,114.333748,30.35943,14400,2014
齐心今城1期,114.344466,30.358775,12209,2008
鑫磊花园,114.328037,30.356361,8592,2008
碧桂园凰城峰景,114.088456,30.354801,9137,2016
学府华庭,114.336379,30.354161,10932,2012
